INCHIKEY,name,CHEMBL_ID,ChEBI,Pesticide type,target_count,targets,DTXSID
JOOMJVFZQRQWKR-UHFFFAOYSA-N,Pyrazophos,CHEMBL1537719,CHEBI:81942,Fungicide,,,
MCJGNVYPOGVAJF-UHFFFAOYSA-N,8-Hydroxyquinoline,CHEMBL310555,CHEBI:48981,Fungicide,,,
MCJGNVYPOGVAJF-UHFFFAOYSA-N,8-Hydroxyquinoline,CHEMBL310555,CHEBI:48981,Fungicide,,,
NOQGZXFMHARMLW-UHFFFAOYSA-N,Daminozide,CHEMBL2164243,CHEBI:4312,Plant growth regulator,,,
SEOVTRFCIGRIMH-UHFFFAOYSA-N,Indole-3-acetic acid,CHEMBL82411,CHEBI:30854,Plant growth regulator,,,
KUAZQDVKQLNFPE-UHFFFAOYSA-N,Thiram,CHEMBL120563,CHEBI:9495,Fungicide,,,
ZJRUTGDCLVIVRD-UHFFFAOYSA-N,Cloxyfonac,CHEMBL1479569,,Plant growth regulator,,,
,Niclosamide monohydrate,,,Molluscicide,,,
,Tiadinil,CHEMBL1543783,CHEBI:81825,Fungicide,,,
,Pymetrozin Metabolite CGA313124,,,Insecticide,,,
,Spinosad,CHEMBL1874717,,,,,
,Ametoctradin hydrochloride Metabolite M6,,,Fungicide,,,
,Ametoctradin hydrochloride Metabolite M6,,,Fungicide,,,
,"2?-[(4,6-Dimethoxy-1,3,5-triazin-2-yl)carbonyl]-1,1,6?-trifluoro-N-methylmethanesulfonanilide",,,Herbicide,,,
,Trifloxystrobin acid,,,Fungicide,,,
,"1,3,5-Triazin-2-amine, 4-methoxy-6-(trifluoromethyl)-",,,Herbicide,,,
,alpha-Cyhalothrin,CHEMBL2105498,,Insecticide,,,
,4-[(4-Cyclopropyl-6-methyl-2-pyrimidinyl)amino]phenol,,,Fungicide,,,
,Dichlorprop-isooctyl,,,Herbicide,,,
,(2-Carboxyethyl)dimethylsulfonium Chloride,,,,,,
,"2-Amino-3-(1H-1,2,4-triazol-1-yl)propano",,,,,,
,DIMOXYSTROBIN METABOLITE 505M09,,,Fungicide,,,
,"4-(7,9-Dioxohexahydro-7H-pyrazolo[1,2-d][1,4,5]oxadiazepin-8-yl)-3,5-diethylbenzoic acid",,,Herbicide,,,
,C12-14-Alkyl(ethylbenzyl)dimethylammonium chlorides,,,,,,
,Diquat metabolite Dipyridone,,,Herbicide,,,
,Diquat metabolite TOPPS,,,Herbicide,,,
,Emamectin benzoate,CHEMBL1883852,,,,,
,Ferimzone,CHEMBL2286690,CHEBI:81844,Fungicide,,,
,HYDROXYTEBUCONAZOLE,,,Fungicide,,,
,2-Amino-4-(methylsulfonyl)benzoic acid,,,Herbicide,,,
,METALAXYL METABOLITE CGA 108906,,,Herbicide,,,
,metazachlor OXA,,,Herbicide,,,
,(S)-Metalaxyl acid,,,Herbicide,,,
NWBJYWHLCVSVIJ-UHFFFAOYSA-N,N-Benzyladenine,CHEMBL228862,CHEBI:29022,Plant growth regulator,,,
JNMRHUJNCSQMMB-UHFFFAOYSA-N,Sulfathiazole,CHEMBL437,CHEBI:9337,Chemotherapeutics,,,
NFACJZMKEDPNKN-UHFFFAOYSA-N,Trichlorfon,CHEMBL167150,,Insecticide,,,
WJCNZQLZVWNLKY-UHFFFAOYSA-N,Thiabendazole,CHEMBL625,,Fungicide,,,
YPHMISFOHDHNIV-UHFFFAOYSA-N,Cycloheximide,CHEMBL123292,CHEBI:27641,Fungicide,,,
DECIPOUIJURFOJ-UHFFFAOYSA-N,Ethoxyquin,CHEMBL172064,CHEBI:77323,Fungicide,,,
ZFQMTVNLDNXRNQ-UHFFFAOYSA-O,Denatonium benzoate,CHEMBL1371493,,repellent,,,
PZBPKYOVPCNPJY-UHFFFAOYSA-N,Imazalil,CHEMBL356918,CHEBI:83829,Fungicide,,,
PZBPKYOVPCNPJY-UHFFFAOYSA-N,Imazalil sulfate,CHEMBL356918,,Fungicide,,,
ACGUYXCXAPNIKK-UHFFFAOYSA-N,Hexachlorophene,CHEMBL496,CHEBI:5693,Chemotherapeutics,,,
SNICXCGAKADSCV-UHFFFAOYSA-N,Nicotine,CHEMBL3,CHEBI:17688,Insecticide,10,"CHRNA2, CHRNA3, CHRNA7, CHRNB3, CHRNB4, CHRNA9, CHRNA6, CHRNB2, CHRNA10, CHRNA4",DTXSID1020930
JXTHNDFMNIQAHM-UHFFFAOYSA-N,Dichloroacetic acid,CHEMBL13960,CHEBI:36386,Insecticide,,,
UFBJCMHMOXMLKC-UHFFFAOYSA-N,"2,4-Dinitrophenol",CHEMBL273386,CHEBI:84561,Herbicide,,,
SMDHCQAYESWHAE-UHFFFAOYSA-N,Benfluralin,CHEMBL1256668,,Herbicide,,,
JTEDVYBZBROSJT-UHFFFAOYSA-N,Indole-3-butyric acid,CHEMBL582878,CHEBI:33070,Plant growth regulator,,,
PQKBPHSEKWERTG-UHFFFAOYSA-N,Fenoxaprop-P-ethyl,CHEMBL37932,CHEBI:5008,Herbicide,,,
PQKBPHSEKWERTG-UHFFFAOYSA-N,Fenoxaprop-ethyl,CHEMBL37932,CHEBI:5008,Herbicide,,,
VLLBCTKFTIILHS-UHFFFAOYSA-N,(E)-Nitenpyram,CHEMBL259728,,Insecticide,,,
YVGGHNCTFXOJCH-UHFFFAOYSA-N,Dichlorodiphenyltrichloroethane,CHEMBL416898,CHEBI:16130,Insecticide,,,
CWJSHJJYOPWUGX-UHFFFAOYSA-N,Chlorpropham,CHEMBL1492698,CHEBI:34630,Herbicide,,,
QELSKZZBTMNZEB-UHFFFAOYSA-N,Propylparaben,CHEMBL194014,CHEBI:32063,Preserving agent,,,
ISWSIDIOOBJBQZ-UHFFFAOYSA-N,Phenol,CHEMBL14060,CHEBI:15882,Chemotherapeutics,4,"CA12, CA2, CA9, CA1",DTXSID5021124
YWTYJOPNNQFBPC-UHFFFAOYSA-N,Imidacloprid,CHEMBL406819,,Insecticide,,,
RZXLPPRPEOUENN-UHFFFAOYSA-N,Chlorfenson,CHEMBL499017,CHEBI:82155,Acaricide,,,
NBQCNZYJJMBDKY-UHFFFAOYSA-N,Terbacil,,CHEBI:9447,Herbicide,,,
RRAFCDWBNXTKKO-UHFFFAOYSA-N,Eugenol,CHEMBL42710,CHEBI:4917,Insect Attractants,,,
WXNZTHHGJRFXKQ-UHFFFAOYSA-N,4-Chlorophenol,CHEMBL57053,CHEBI:28078,Chemical,,,
PJVWKTKQMONHTI-UHFFFAOYSA-N,Warfarin,CHEMBL1464,CHEBI:10033,Rodenticide,2,"VKORC1, ALB",DTXSID5023742
NUKYPUAOHBNCPY-UHFFFAOYSA-N,4-Aminopyridine,CHEMBL284348,,Chemotherapeutics,,,
JMPFSEBWVLAJKM-UHFFFAOYSA-N,Closantel,CHEMBL12131,CHEBI:77054,Chemotherapeutics,,,
QXAITBQSYVNQDR-UHFFFAOYSA-N,Amitraz,CHEMBL1365675,CHEBI:2665,Insecticide,,,
JHJOOSLFWRRSGU-UHFFFAOYSA-N,Fenchlorphos,CHEMBL1871418,CHEBI:82125,Insecticide,,,
ZOJBYZNEUISWFT-UHFFFAOYSA-N,Allyl isothiocyanate,CHEMBL233248,CHEBI:73224,Chemotherapeutics,1,TRPA1,DTXSID3020047
MMOXZBCLCQITDF-UHFFFAOYSA-N,DEET,CHEMBL1453317,CHEBI:7071,Repellent,,,
OEBRKCOSUFCWJD-UHFFFAOYSA-N,Dichlorvos,CHEMBL167911,CHEBI:34690,Insecticide,,,
JLYXXMFPNIAWKQ-UHFFFAOYSA-N,Lindane,CHEMBL15891,CHEBI:32888,Insecticide,1,GABRB1,DTXSID2020686
JXSJBGJIGXNWCI-UHFFFAOYSA-N,Malathion,CHEMBL1200468,CHEBI:6651,Insecticide,,,
NUVBSKCKDOMJSU-UHFFFAOYSA-N,Ethylparaben,CHEMBL15841,,Preserving agent,,,
JWBOIMRXGHLCPP-UHFFFAOYSA-N,"1-(2-Chlorophenyl)-1-(4-chlorophenyl)-2,2-dichloroethane",CHEMBL1670,,Insecticide,,,
WWJZWCUNLNYYAU-UHFFFAOYSA-N,Temephos,CHEMBL1355821,,Insecticide,,,
RLLPVAHGXHCWKJ-UHFFFAOYSA-N,Permethrin,CHEMBL1525,CHEBI:62523,Insecticide,,,
BXNANOICGRISHX-UHFFFAOYSA-N,Coumaphos,CHEMBL251680,CHEBI:3903,Insecticide,,,
FHIVAFMUCKRCQO-UHFFFAOYSA-N,Diazinon,CHEMBL3228881,CHEBI:34682,Insecticide,,,
SBPBAQFWLVIOKP-UHFFFAOYSA-N,Chlorpyrifos,CHEMBL463210,CHEBI:34631,Insecticide,,,
PNVJTZOFSHSLTO-UHFFFAOYSA-N,Fenthion,CHEMBL1604375,,Insecticide,,,
ISRUGXGCCGIOQO-UHFFFAOYSA-N,Propoxur,CHEMBL446060,CHEBI:34938,Insecticide,,,
MDNWOSOZYLHTCG-UHFFFAOYSA-N,Dichlorophen,CHEMBL33845,CHEBI:34689,Chemical,,,
LVDKZNITIUWNER-UHFFFAOYSA-N,Bronopol,CHEMBL1408862,CHEBI:31306,Preserving agent,,,
OSASVXMJTNOKOY-UHFFFAOYSA-N,"1,1,1-Trichloro-2-methyl-2-propanol (hydrate) (2:1)",CHEMBL1439973,,Chemotherapeutics,,,
KAATUXNTWXVJKI-UHFFFAOYSA-N,Cypermethrin,CHEMBL373204,,Insecticide,,,
KAATUXNTWXVJKI-UHFFFAOYSA-N,alpha-Cypermethrin,CHEMBL373204,,Insecticide,,,
SBNFWQZLDJGRLK-UHFFFAOYSA-N,Phenothrin,CHEMBL1322884,,Insecticide,,,
UPJMCYOGPGHMHO-UHFFFAOYSA-N,Methoprene,CHEMBL291057,,Insecticide,,,
FIPWRIJSWJWJAI-UHFFFAOYSA-N,Piperonyl butoxide,CHEMBL1201131,CHEBI:32687,Chemotherapeutics,,,
CVXBEEMKQHEXEN-UHFFFAOYSA-N,Carbaryl,CHEMBL46917,CHEBI:3390,Insecticide,,,
OWEGWHBOCFMBLP-UHFFFAOYSA-N,Climbazole,CHEMBL1437764,CHEBI:83719,Fungicide,,,
KDZAIKFHBUSULQ-UHFFFAOYSA-N,Fipronil,CHEMBL101326,CHEBI:83394,Insecticide,,,
PWPJGUXAGUPAHP-UHFFFAOYSA-N,Lufenuron,CHEMBL1364906,,Insecticide,,,
LVQDKIWDGQRHTE-UHFFFAOYSA-N,Cyromazine,CHEMBL1231107,CHEBI:30260,Insecticide,,,
DOIRQSBPFJWKBE-UHFFFAOYSA-N,Dibutyl phthalate,CHEMBL272485,CHEBI:34687,Preserving agent,,,
QGHREAKMXXNCOA-UHFFFAOYSA-N,Thiophanate-methyl,CHEMBL487187,CHEBI:35014,Fungicide,,,
IXORZMNAPKEEDV-UHFFFAOYSA-N,Gibberellic acid,CHEMBL1232952,CHEBI:28833,Plant growth regulator,,,
JUVIOZPCNVVQFO-UHFFFAOYSA-N,Rotenone,CHEMBL429023,CHEBI:28201,Insecticide,,,
IGFHQQFPSIBGKE-UHFFFAOYSA-N,"4-Nonylphenol, branched",CHEMBL153062,CHEBI:34440,Chemical,1,ESR1,DTXSID5033836
IGFHQQFPSIBGKE-UHFFFAOYSA-N,4-Nonylphenol,CHEMBL153062,CHEBI:34440,Chemical,1,ESR1,DTXSID5033836
ACTRVOBWPAIOHC-UHFFFAOYSA-N,Succimer,CHEMBL28721,CHEBI:63623,Chemotherapeutics,,,
ACTRVOBWPAIOHC-UHFFFAOYSA-N,Succimer,CHEMBL28721,CHEBI:63623,Chemotherapeutics,,,
ACTRVOBWPAIOHC-UHFFFAOYSA-N,Succimer,CHEMBL28721,CHEBI:63623,Chemotherapeutics,,,
ACTRVOBWPAIOHC-UHFFFAOYSA-N,Succimer,CHEMBL28721,CHEBI:63623,Chemotherapeutics,,,
UGNWTBMOAKPKBL-UHFFFAOYSA-N,Chloranil,CHEMBL192627,CHEBI:36703,Fungicide,,,
YHILKALTPHRGSY-UHFFFAOYSA-N,Captan,CHEMBL388676,CHEBI:34608,Fungicide,,,
WURBVZBTWMNKQT-UHFFFAOYSA-N,Triadimefon,CHEMBL520897,CHEBI:84002,Fungicide,,,
MZHCENGPTKEIGP-UHFFFAOYSA-N,Dichlorprop-P,CHEMBL573221,CHEBI:75370,Herbicide,,,
MZHCENGPTKEIGP-UHFFFAOYSA-N,Dichlorprop,CHEMBL573221,CHEBI:75370,Herbicide,,,
QQQYTWIFVNKMRW-UHFFFAOYSA-N,Diflubenzuron,CHEMBL49338,CHEBI:34703,Insecticide,,,
KLSJWNVTNUYHDU-UHFFFAOYSA-N,Amitrole,CHEMBL232801,CHEBI:15850,Herbicide,,,
CRQQGFGUEAVUIL-UHFFFAOYSA-N,Chlorothalonil,CHEMBL468167,CHEBI:3639,Fungicide,,,
NDUPDOJHUQKPAG-UHFFFAOYSA-N,Dalapon,CHEMBL445525,CHEBI:81859,Herbicide,,,
OIQJEQLSYJSNDS-UHFFFAOYSA-N,Piroctone olamine,CHEMBL2107154,CHEBI:59008,Fungicide,,,
VHEWQRWLIDWRMR-UHFFFAOYSA-N,Amiprofos-methyl,CHEMBL1256629,,Herbicide,,,
XQNAUQUKWRBODG-UHFFFAOYSA-N,Chlornitrofen,,CHEBI:3620,Herbicide,,,
OBTMQSVAGKVVAE-UHFFFAOYSA-N,Aminomethylphosphonic acid,CHEMBL41873,CHEBI:28812,,,,
ACQCQKSFTBFYDO-UHFFFAOYSA-N,Metolachlor Metabolite CGA 50267 (racema,,,Herbicide,,,
LQNUZADURLCDLV-UHFFFAOYSA-N,Nitrobenzene,CHEMBL15750,CHEBI:27798,Chemical,,,
QEGVVEOAVNHRAA-UHFFFAOYSA-N,Pyrithiobac,CHEMBL2251593,,Herbicide,,,
NHWRZZGXROBPNU-UHFFFAOYSA-N,SAFLUFENACIL METABOLITE M800H11,,,Herbicide,,,
BLHCMGRVFXRYRN-UHFFFAOYSA-N,6-Hydroxynicotinic acid,CHEMBL95293,CHEBI:16168,,,,
DQWPFSLDHJDLRL-UHFFFAOYSA-N,Triethyl phosphate,CHEMBL1236251,CHEBI:45927,,,,
GLTMLPGXPMAIOI-UHFFFAOYSA-N,BOSCALID METABOLITE M510F01,,,Fungicide,,,
VWGAYSCWLXQJBQ-UHFFFAOYSA-N,Iodosulfuron-methyl-sodium,,CHEBI:81741,Herbicide,,,
CVWYLJQHFDEFQE-UHFFFAOYSA-N,"4-Hydroxy-3-(2,4,6-trimethylphenyl)-1-oxaspiro[4.4]non-3-en-2-one",,,Insecticide,,,
PAAZPARNPHGIKF-UHFFFAOYSA-N,"1,2-Dibromoethane",CHEMBL452370,CHEBI:28534,Insecticide,,,
ZMWGIGHRZQTQRE-UHFFFAOYSA-N,"2,4-D-Butotyl",CHEMBL3186113,,Herbicide,,,
ZXQYGBMAQZUVMI-UHFFFAOYSA-N,?-Cyhalothrin,CHEMBL1905223,,Insecticide,,,
KJCVRFUGPWSIIH-UHFFFAOYSA-N,1-Naphthol,CHEMBL122617,CHEBI:10319,,,,
STUSTWKEFDQFFZ-UHFFFAOYSA-N,Chlordimeform,CHEMBL2288609,CHEBI:34629,Insecticide,,,
STUSTWKEFDQFFZ-UHFFFAOYSA-N,Chlordimeform hydrochloride,CHEMBL2288609,,Insecticide,,,
ZTMKADLOSYKWCA-UHFFFAOYSA-N,Lenacil,CHEMBL1522462,CHEBI:6407,Herbicide,,,
DDUIUBPJPOKOMV-UHFFFAOYSA-N,Methoprotryne,,CHEBI:82226,Herbicide,,,
SAPGTCDSBGMXCD-UHFFFAOYSA-N,Nuarimol,CHEMBL1863087,,Fungicide,,,
OGYFATSSENRIKG-UHFFFAOYSA-N,Pencycuron,CHEMBL2229452,CHEBI:7957,Fungicide,,,
NQLVQOSNDJXLKG-UHFFFAOYSA-N,Prosulfocarb,CHEMBL2251843,CHEBI:81941,Herbicide,,,
JWYUFVNJZUSCSM-UHFFFAOYSA-N,2-Aminobenzimidazole,CHEMBL305513,,,,,
PXWUKZGIHQRDHL-UHFFFAOYSA-N,Atraton,CHEMBL1231002,CHEBI:82220,Herbicide,,,
OBZIQQJJIKNWNO-UHFFFAOYSA-N,Tolclofos-methyl,CHEMBL2141416,CHEBI:81731,Insecticide,,,
CJPQIRJHIZUAQP-UHFFFAOYSA-N,Benalaxyl,CHEMBL2286691,CHEBI:82777,Herbicide,,,
XQUXKZZNEFRCAW-UHFFFAOYSA-N,Fenpropathrin,CHEMBL522994,,Insecticide,,,
WQRCEBAZAUAUQC-UHFFFAOYSA-N,Benazolin-ethyl,CHEMBL3188167,,Herbicide,,,
LMKQNTMFZLAJDV-UHFFFAOYSA-N,Desethylterbutylazine,CHEMBL1589090,CHEBI:83522,Herbicide,,,
IIPZYDQGBIWLBU-UHFFFAOYSA-N,Dinoterb,CHEMBL1994620,CHEBI:81883,Herbicide,,,
NKXSNMCGZZWMMW-UHFFFAOYSA-N,"Butanoic acid, 4-(2,4-dichlorophenoxy)-, methyl ester",CHEMBL1448913,,Herbicide,,,
YLPGTOIOYRQOHV-UHFFFAOYSA-N,Pretilachlor,CHEMBL1867271,CHEBI:34931,Herbicide,,,
MIJLZGZLQLAQCM-UHFFFAOYSA-N,Haloxyfop-etotyl,CHEMBL1554997,,Herbicide,,,
WBEJYOJJBDISQU-UHFFFAOYSA-N,"1,2-Dibromo-3-chloropropane",CHEMBL1331743,CHEBI:34044,,,,
BXPMAGSOWXBZHS-UHFFFAOYSA-N,Aldicarb sulfoxide,CHEMBL1533560,,Insecticide,,,
MGVFWXMOINEMGQ-UHFFFAOYSA-N,3-METHYLPHSOPHINICOPROPIONIC ACID PESTAN,,,,,,
WOZVHXUHUFLZGK-UHFFFAOYSA-N,Dimethyl terephthalate,CHEMBL1870757,,Preserving agent,,,
VEDTXTNSFWUXGQ-UHFFFAOYSA-N,Carbophenothion,CHEMBL452866,CHEBI:82107,Insecticide,,,
IMHBYKMAHXWHRP-UHFFFAOYSA-N,Anilazine,CHEMBL464135,CHEBI:82076,Fungicide,,,
RRNIZKPFKNDSRS-UHFFFAOYSA-N,Bensulide,CHEMBL1895252,CHEBI:81899,Herbicide,,,
SLCGUGMPSUYJAY-UHFFFAOYSA-N,Benzoylprop-ethyl,,CHEBI:82171,Herbicide,,,
SUSRORUBZHMPCO-UHFFFAOYSA-N,Bifenox,CHEMBL449928,CHEBI:6613,Herbicide,,,
ZRDUSMYWDRPZRM-UHFFFAOYSA-N,Binapacryl,CHEMBL3182974,CHEBI:83366,Fungicide,,,
ZCVAOQKBXKSDMS-UHFFFAOYSA-N,Allethrin,CHEMBL1872535,CHEBI:23958,Insecticide,,,
ZCVAOQKBXKSDMS-UHFFFAOYSA-N,Allethrin,CHEMBL1872535,CHEBI:23958,Insecticide,,,
ZCVAOQKBXKSDMS-UHFFFAOYSA-N,Allethrin,CHEMBL1872535,CHEBI:23958,Insecticide,,,
DSKJPMWIHSOYEA-UHFFFAOYSA-N,Bupirimate,CHEMBL3183902,CHEBI:81952,Fungicide,,,
XCJXQCUJXDUNDN-UHFFFAOYSA-N,Chlordene,,,Insecticide,,,
OVSKIKFHRZPJSS-UHFFFAOYSA-N,"2,4-Dichlorophenoxyacetic acid",CHEMBL367623,,Herbicide,,,
AJKQZRAAQMBNKM-UHFFFAOYSA-N,Flurenol-methyl,CHEMBL3182238,,,,,
XRVCXZWINJOORX-UHFFFAOYSA-N,"1,3,5-Triazin-2(1H)-one, 4-amino-6-(ethylamino)-",,CHEBI:28363,Herbicide,,,
BCQMBFHBDZVHKU-UHFFFAOYSA-N,Terbumeton,,CHEBI:81947,Herbicide,,,
YAMHXTCMCPHKLN-UHFFFAOYSA-N,Ethylene urea,CHEMBL12034,CHEBI:37001,,,,
FYZBOYWSHKHDMT-UHFFFAOYSA-N,Benfuracarb,CHEMBL2252178,CHEBI:3014,Insecticide,,,
GMBRUAIJEFRHFQ-UHFFFAOYSA-N,Fenchlorazole-ethyl,CHEMBL2229892,CHEBI:81992,Herbicide,,,
NLMRMVVMKCKWFL-UHFFFAOYSA-N,Thiofanox sulfoxide,,,Insecticide,,,
UPUGLJYNCXXUQV-UHFFFAOYSA-N,Oxydisulfoton,,CHEBI:82143,Insecticide,,,
WOWBFOBYOAGEEA-UHFFFAOYSA-N,Diafenthiuron,,,Insecticide,,,
FROBCXTULYFHEJ-UHFFFAOYSA-N,Propaquizafop,CHEMBL2251597,CHEBI:82034,Herbicide,,,
ZLIBICFPKPWGIZ-UHFFFAOYSA-N,Pyrimethanil,CHEMBL540677,CHEBI:8674,Fungicide,,,
DWZSTEUTHNUVQD-UHFFFAOYSA-N,Terbufos sulfone,,,Insecticide,,,
RYLHNOVXKPXDIP-UHFFFAOYSA-N,Flufenoxuron,CHEMBL2287680,,Insecticide,,,
VPOMSPZBQMDLTM-UHFFFAOYSA-N,"3,5-Dichlorophenol",CHEMBL314566,,Chemical,,,
GOJRHLKLWMSXMB-UHFFFAOYSA-N,Cycloxydim,CHEMBL113137,CHEBI:4033,Herbicide,,,
AWYOMXWDGWUJHS-UHFFFAOYSA-N,Tebupirimfos,CHEMBL3186920,,Insecticide,,,
XAMUDJHXFNRLCY-UHFFFAOYSA-N,Phenthoate,CHEMBL1476858,,Insecticide,,,
DMYHGDXADUDKCQ-UHFFFAOYSA-N,Fenazaquin,CHEMBL243282,CHEBI:38593,Fungicide,,,
QGQSRQPXXMTJCM-UHFFFAOYSA-N,Benfuresate,CHEMBL2252194,CHEBI:81756,Herbicide,,,
HJJVPARKXDDIQD-UHFFFAOYSA-N,Bromuconazole,CHEMBL271579,CHEBI:81900,Fungicide,,,
QYPNKSZPJQQLRK-UHFFFAOYSA-N,Tebufenozide,CHEMBL226968,CHEBI:38452,Insecticide,,,
RQDJADAKIFFEKQ-UHFFFAOYSA-N,Fenbuconazole,CHEMBL1879687,CHEBI:83920,Fungicide,,,
MEFOUWRMVYJCQC-UHFFFAOYSA-N,Rimsulfuron,CHEMBL1867091,CHEBI:8866,Herbicide,,,
LTUNNEGNEKBSEH-UHFFFAOYSA-N,Prosulfuron,CHEMBL2251587,CHEBI:8523,Herbicide,,,
JBDHZKLJNAIJNC-UHFFFAOYSA-N,Clodinafop-propargyl,CHEMBL1898102,,Herbicide,,,
COYBRKAVBMYYSF-UHFFFAOYSA-N,Cloquintocet-mexyl,CHEMBL3185510,,Herbicide safener,,,
OPASCBHCTNRLRM-UHFFFAOYSA-N,THIOMETON IN SHELLSOL,,,Insecticide,,,
RXDMAYSSBPYBFW-UHFFFAOYSA-N,Carpropamid,CHEMBL2270251,CHEBI:3434,Fungicide,,,
YYJNOYZRYGDPNH-UHFFFAOYSA-N,Fenpyroximate,CHEMBL365100,CHEBI:5011,Insecticide,,,
WFDXOXNFNRHQEC-UHFFFAOYSA-N,Azoxystrobin,CHEMBL230001,,Fungicide,,,
VAIZTNZGPYBOGF-UHFFFAOYSA-N,Fluazifop-P-butyl,CHEMBL449397,CHEBI:5097,Herbicide,,,
VDLGAVXLJYLFDH-UHFFFAOYSA-N,Fenhexamid,CHEMBL1688541,CHEBI:81853,Fungicide,,,
IMEVJVISCHQJRM-UHFFFAOYSA-N,Triflusulfuron-methyl,CHEMBL2143050,CHEBI:82047,Herbicide,,,
IANUJLZYFUDJIH-UHFFFAOYSA-N,Flufenacet,CHEMBL1886718,CHEBI:81920,Herbicide,,,
JLYFCTQDENRSOL-UHFFFAOYSA-N,Dimethenamid,CHEMBL1565335,CHEBI:83638,Herbicide,,,
RRZXIRBKKLTSOM-UHFFFAOYSA-N,Abamectin,CHEMBL1630577,,Insecticide,,,
HFBWPRKWDIRYNX-UHFFFAOYSA-N,Trietazine,,CHEBI:81979,Herbicide,,,
JLQUFIHWVLZVTJ-UHFFFAOYSA-N,Carbosulfan,CHEMBL2228572,CHEBI:38476,Insecticide,,,
ZQEIXNIJLIKNTD-UHFFFAOYSA-N,Metalaxyl,CHEMBL105809,CHEBI:82790,Herbicide,,,
UAJBSHCDOPGGBX-UHFFFAOYSA-N,Tebuconazole,CHEMBL487186,CHEBI:83779,Fungicide,,,
DFBKLUNHFCTMDC-UHFFFAOYSA-N,Endrin,CHEMBL44072,CHEBI:81526,Insecticide,,,
RDYMFSUJUZBWLH-UHFFFAOYSA-N,Endosulfan,CHEMBL194399,,Insecticide,,,
REEQLXCGVXDJSQ-UHFFFAOYSA-N,Triclopyr,CHEMBL194458,CHEBI:9682,Herbicide,,,
ZYHMJXZULPZUED-UHFFFAOYSA-N,Propargite,CHEMBL1416084,,Insecticide,,,
ZOMSMJKLGFBRBS-UHFFFAOYSA-N,Bentazone,CHEMBL1567045,CHEBI:3018,Herbicide,,,
DUEPRVBVGDRKAG-UHFFFAOYSA-N,Carbofuran,CHEMBL416081,CHEBI:34611,Insecticide,,,
HKIOYBQGHSTUDB-UHFFFAOYSA-N,Folpet,CHEMBL1883819,CHEBI:82019,Fungicide,,,
QHOQHJPRIBSPCY-UHFFFAOYSA-N,Pirimiphos-methyl,CHEMBL1886047,,Insecticide,,,
ODCWYMIRDDJXKW-UHFFFAOYSA-N,Simazine,CHEMBL1605837,CHEBI:27496,Herbicide,,,
HYVWIQDYBVKITD-UHFFFAOYSA-N,Tolylfluanid,CHEMBL3189057,CHEBI:75182,Fungicide,,,
ZSDSQXJSNMTJDA-UHFFFAOYSA-N,Trifluralin,CHEMBL31970,CHEBI:35027,Herbicide,,,
QSGNQELHULIMSJ-UHFFFAOYSA-N,Dimethylvinphos,,,Insecticide,,,
PFFIDZXUXFLSSR-UHFFFAOYSA-N,Penthiopyrad,CHEMBL2251844,CHEBI:83138,Fungicide,,,
MWFQAAWRPDRKDG-UHFFFAOYSA-N,Meperfluthrin,,,Insecticide,,,
AWSZRJQNBMEZOI-UHFFFAOYSA-N,Cyflumetofen,CHEMBL2268728,CHEBI:81798,Insecticide,,,
HKAMKLBXTLTVCN-UHFFFAOYSA-N,Simetone,,CHEBI:30264,Herbicide,,,
SYJGKVOENHZYMQ-UHFFFAOYSA-N,Penoxsulam,CHEMBL1895913,CHEBI:81776,Herbicide,,,
YFONKFDEZLYQDH-UHFFFAOYSA-N,Indaziflam,,,Herbicide,,,
BIKACRYIQSLICJ-UHFFFAOYSA-N,Cloransulam-methyl,,CHEBI:3760,Herbicide,,,
IXJOSTZEBSTPAG-UHFFFAOYSA-N,Methasulfocarb,,CHEBI:81933,Fungicide,,,
OWFDXWCBYKXLRB-UHFFFAOYSA-N,p-Chlorobenzyl-p-chlorophenyl sulfone,,,Acaricide,,,
DUXDBOLTMWLLPK-UHFFFAOYSA-N,2-HYDROXY-PROPOXYCARBAZONE,,,Herbicide,,,
MZQXETAWRAMYCW-UHFFFAOYSA-N,Fipronil Sulfone,,CHEBI:83487,Insecticide,,,
CRFYLQMIDWBKRT-UHFFFAOYSA-N,Z-PYRIBENCARB,,,Fungicide,,,
CRFYLQMIDWBKRT-UHFFFAOYSA-N,Pyribencarb,,CHEBI:83261,Fungicide,,,
FRCCEHPWNOQAEU-UHFFFAOYSA-N,Heptachlor,CHEMBL194400,,Insecticide,,,
DVBUIBGJRQBEDP-UHFFFAOYSA-N,Cyantraniliprole,CHEMBL2286761,,Insecticide,,,
VUTHWSUXEOILTN-UHFFFAOYSA-N,Fenthion oxon sulfone,,,Insecticide,,,
GTZCKTIZOGTWQO-UHFFFAOYSA-N,Phosphoric acid dimethyl 4-(methylthio)phenyl ester,,,Insecticide,,,
IHHMUBRVTJMLQO-UHFFFAOYSA-N,Pyraclonil,,CHEBI:81866,Herbicide,,,
AEHJMNVBLRLZKK-UHFFFAOYSA-N,Pyridalyl,CHEMBL2136658,,Insecticide,,,
ZINJLDJMHCUBIP-UHFFFAOYSA-N,Ethametsulfuron-methyl,CHEMBL1885280,,Herbicide,,,
ORFPWVRKFLOQHK-UHFFFAOYSA-N,Amicarbazone,,,Herbicide,,,
ZRIKZVLHMGYCIR-UHFFFAOYSA-N,Metalaxyl acid,,,Herbicide,,,
ACMXQHFNODYQAT-UHFFFAOYSA-N,Cyflufenamid,CHEMBL2251733,CHEBI:81797,Fungicide,,,
NJPPVKZQTLUDBO-UHFFFAOYSA-N,Novaluron,CHEMBL1869031,,Insecticide,,,
UCDPMNSCCRBWIC-UHFFFAOYSA-N,Orthosulfamuron,,,Herbicide,,,
JHIPUJPTQJYEQK-UHFFFAOYSA-N,Orysastrobin,,CHEBI:81832,Fungicide,,,
HHUQPWODPBDTLI-UHFFFAOYSA-N,"2-(1-Chlorocyclopropyl)-1-(2-chlorophenyl)-3-(1H-1,2,4-triazol-1-yl)-2-propanol",CHEMBL2288018,,Fungicide,,,
MCNOFYBITGAAGM-UHFFFAOYSA-N,Furilazole,CHEMBL2269063,,Herbicide safener,,,
OOWCJRMYMAMSOH-UHFFFAOYSA-N,Dimefluthrin,CHEMBL3229432,,Insecticide,,,
ZTYVMAQSHCZXLF-UHFFFAOYSA-N,Primisulfuron-methyl,CHEMBL1875740,,Herbicide,,,
IDCBOTIENDVCBQ-UHFFFAOYSA-N,Tetraethyl pyrophosphate,CHEMBL293787,CHEBI:82149,Insecticide,,,
GNHDVXLWBQYPJE-UHFFFAOYSA-N,Saflufenacil,CHEMBL2251845,,Herbicide,,,
FKERUJTUOYLBKB-UHFFFAOYSA-N,Pyrazoxyfen,,CHEBI:81830,Herbicide,,,
NIXXQNOQHKNPEJ-UHFFFAOYSA-N,Aminopyralid,CHEMBL1903787,CHEBI:62962,Herbicide,,,
AQAAXYITUIEZEQ-UHFFFAOYSA-N,Ametoctradin,,CHEBI:83398,Fungicide,,,
KVDJTXBXMWJJEF-UHFFFAOYSA-N,Fluopyram,CHEMBL2286755,CHEBI:83070,Fungicide,,,
ZCNQYNHDVRPZIH-UHFFFAOYSA-N,Fluthiacet-methyl,CHEMBL1864812,CHEBI:5133,Herbicide,,,
HMIBKHHNXANVHR-UHFFFAOYSA-N,Fenothiocarb,,CHEBI:5006,Acaricide,,,
XCRWRDUWOJKXIE-UHFFFAOYSA-N,Spirotetramat-enol,,,Insecticide,,,
XOVCVOLJZHNHLA-UHFFFAOYSA-N,"3-(2,5-Dimethylphenyl)-3-hydroxy-8-methoxy-1-azaspiro[4.5]decane-2,4-dione",,,Insecticide,,,
HPQGJNTUXNUIDL-UHFFFAOYSA-N,"cis-3-(2,5-Dimethylphenyl)-4-hydroxy-8-methoxy-1-azaspiro[4.5]decan-2-one",,,Insecticide,,,
UZUGTDHNHPYPHX-UHFFFAOYSA-N,"(5s,8R)-3-(2,5-Dimethylphenyl)-8-methoxy-2-oxo-1-azaspiro[4.5]dec-3-en-4-yl ?-D-glucopyranoside",,,Insecticide,,,
MXMXHPPIGKYTAR-UHFFFAOYSA-N,Silthiofam,CHEMBL2288019,CHEBI:83393,Fungicide,,,
YKBZOVFACRVRJN-UHFFFAOYSA-N,Dinotefuran,CHEMBL2228155,,Insecticide,,,
SOUGWDPPRBKJEX-UHFFFAOYSA-N,Zoxamide,CHEMBL1893025,CHEBI:82853,Fungicide,,,
VHLKTXFWDRXILV-UHFFFAOYSA-N,Bifenazate,CHEMBL1872845,CHEBI:38660,Insecticide,,,
KXRPCFINVWWFHQ-UHFFFAOYSA-N,Cadusafos,CHEMBL2228571,CHEBI:38588,Insecticide,,,
IXSZQYVWNJNRAL-UHFFFAOYSA-N,Etoxazole,CHEMBL1881674,,Insecticide,,,
QCAWEPFNJXQPAN-UHFFFAOYSA-N,Methoxyfenozide,CHEMBL55772,CHEBI:38449,Insecticide,,,
FLVBXVXXXMLMOX-UHFFFAOYSA-N,Proquinazid,,CHEBI:83555,Fungicide,,,
RLQJEEJISHYWON-UHFFFAOYSA-N,Flonicamid,CHEMBL1882892,,Insecticide,,,
PSOVNZZNOMJUBI-UHFFFAOYSA-N,Chlorantraniliprole,CHEMBL399318,CHEBI:67113,Insecticide,,,
MAHPNPYYQAIOJN-UHFFFAOYSA-N,Azimsulfuron,,CHEBI:81746,Herbicide,,,
OAWUUPVZMNKZRY-UHFFFAOYSA-N,Cyprosulfamide,,,Herbicide safener,,,
VEVZCONIUDBCDC-UHFFFAOYSA-N,Flurprimidol,CHEMBL3184763,CHEBI:81765,Plant growth regulator,,,
WLPCAERCXQSYLQ-UHFFFAOYSA-N,Isotianil,,CHEBI:83657,Fungicide,,,
NMXNMMJGNGOBPU-UHFFFAOYSA-N,Flumioxazin,CHEMBL2133606,CHEBI:8939,Herbicide,,,
FFGIWZWTLTUVFP-UHFFFAOYSA-N,Acequinocyl,CHEMBL1869353,CHEBI:38592,Insecticide,,,
CSWIKHNSBZVWNQ-UHFFFAOYSA-N,Pethoxamid,CHEMBL2287834,CHEBI:83523,Herbicide,,,
PCKNFPQPGUWFHO-UHFFFAOYSA-N,Flucycloxuron,CHEMBL226430,,Insecticide,,,
YWSCPYYRJXKUDB-UHFFFAOYSA-N,Tralomethrin,,,Insecticide,,,
XTDZGXBTXBEZDN-UHFFFAOYSA-N,Isopyrazam,,CHEBI:83128,Fungicide,,,
CXJSOEPQXUCJSA-UHFFFAOYSA-N,Pyridaphenthion,,,Insecticide,,,
LDLMOOXUCMHBMZ-UHFFFAOYSA-N,Bixafen,,CHEBI:83106,Fungicide,,,
JAPLBVFKPQFQRT-UHFFFAOYSA-N,Tembotrione metabolite AE 1417268,,,Herbicide,,,
QZXATCCPQKOEIH-UHFFFAOYSA-N,Florasulam,CHEMBL3185236,CHEBI:82009,Herbicide,,,
PITWUHDDNUVBPT-UHFFFAOYSA-N,Cloethocarb,,CHEBI:82091,Insecticide,,,
HSMVPDGQOIQYSR-UHFFFAOYSA-N,Triflumizole,CHEMBL463781,CHEBI:81784,Fungicide,,,
UJKHCLQXFACPDB-UHFFFAOYSA-N,2-[(Hydroxyacetyl)(2-methoxyethyl)amino]-3-methylbenzoic acid,,,Herbicide,,,
IMFSUYMDPTXKCC-UHFFFAOYSA-N,N-(2-Ethyl-6-methylphenyl)-N-oxalo-L-alanine,,,Herbicide,,,
MXMPHDJVYOMMTN-UHFFFAOYSA-N,S-METOLACHLOR METABOLITE CGA 37735 PESTA,,,Herbicide,,,
SAWXESXDACFEPC-UHFFFAOYSA-N,(2-Ethyl-6-methylanilino)(oxo)acetic acid,,,Herbicide,,,
NZOWVZVFSVRNOR-UHFFFAOYSA-N,Difenacoum,,CHEBI:80743,Rodenticide,,,
CLSVJBIHYWPGQY-UHFFFAOYSA-N,Spirotetramat,CHEMBL2229173,CHEBI:81975,Insecticide,,,
CSWBSLXBXRFNST-UHFFFAOYSA-N,"8,10-Dodecadien-1-ol",CHEMBL3187120,,Insecticide,,,
XVLIXCWHTLFDNK-UHFFFAOYSA-N,"2-Amino-3-chloro-1,4-naphthoquinone",CHEMBL156959,CHEBI:81849,Herbicide,,,
XSKZXGDFSCCXQX-UHFFFAOYSA-N,Thiencarbazone-methyl,,,Herbicide,,,
OFSLKOLYLQSJPB-UHFFFAOYSA-N,Cyclosulfamuron,,CHEBI:81747,Herbicide,,,
TYIYMOAHACZAMQ-UHFFFAOYSA-N,Cyhalofop-butyl,CHEMBL1900438,CHEBI:81863,Herbicide,,,
IUQAXCIUEPFPSF-UHFFFAOYSA-N,Tembotrione,CHEMBL2272077,,Herbicide,,,
ZGNITFSDLCMLGI-UHFFFAOYSA-N,Flubendiamide,CHEMBL563789,,Insecticide,,,
IQHQPCJSVRKTPY-UHFFFAOYSA-N,Mandipropamid,CHEMBL271907,CHEBI:83617,Fungicide,,,
PYNKFIVDSJSNGL-UHFFFAOYSA-N,Thiosultap-monosodium [ISO],CHEMBL2270933,CHEBI:64386,Insecticide,,,
UELITFHSCLAHKR-UHFFFAOYSA-N,Acibenzolar-S-methyl,CHEMBL425055,CHEBI:73178,Fungicide,,,
MGOHCFMYLBAPRN-UHFFFAOYSA-N,Pinoxaden,CHEMBL1866631,CHEBI:83524,Herbicide,,,
YUVKUEAFAVKILW-UHFFFAOYSA-N,Fluazifop,CHEMBL376218,CHEBI:83598,Herbicide,,,
BREATYVWRHIPIY-UHFFFAOYSA-N,Amisulbrom,,CHEBI:81846,Fungicide,,,
GLWWLNJJJCTFMZ-UHFFFAOYSA-N,Cyclanilide,CHEMBL1904079,,Plant Growth Regulator,,,
GMAUQNJOSOMMHI-UHFFFAOYSA-N,Alanycarb,,CHEBI:38463,Insecticide,,,
NSWAMPCUPHPTTC-UHFFFAOYSA-N,Chlorimuron-ethyl,CHEMBL1231791,,Herbicide,,,
SMKRKQBMYOFFMU-UHFFFAOYSA-N,Prallethrin,CHEMBL1876311,,Insecticide,,,
FMGZEUWROYGLAY-UHFFFAOYSA-N,Halosulfuron-methyl,CHEMBL2140532,CHEBI:81750,Herbicide,,,
NAGRVUXEKKZNHT-UHFFFAOYSA-N,Imazosulfuron,,CHEBI:81751,Herbicide,,,
NGZJXCFNBVJLQN-UHFFFAOYSA-N,4-Methylimidazolidine-2-thione,,,,,,
ASLWPAWFJZFCKF-UHFFFAOYSA-N,"Tris(1,3-dichloro-2-propyl) phosphate",CHEMBL3182032,,Chemical,,,
KVMPUXDNESXNOH-UHFFFAOYSA-N,Tris(2-chloroisopropyl)phosphate,CHEMBL3188873,,Chemical,,,
AMSPWOYQQAWRRM-UHFFFAOYSA-N,Metrafenone,CHEMBL2288405,CHEBI:83345,Fungicide,,,
MIFOMMKAVSCNKQ-UHFFFAOYSA-N,Metaflumizone,CHEMBL2271765,CHEBI:81803,Insecticide,,,
CONWAEURSVPLRM-UHFFFAOYSA-N,Lactofen,CHEMBL1243178,,Herbicide,,,
FRCABOFVSVZGSJ-UHFFFAOYSA-N,Pyrasulfotole,,,Herbicide,,,
GPXLRLUVLMHHIK-UHFFFAOYSA-N,Forchlorfenuron,CHEMBL1229826,CHEBI:81861,,,,
AYEAUPRZTZWBBF-UHFFFAOYSA-N,(1E)-N-[(6-Chloropyridin-3-yl)methyl]-N'-cyanoethanimidamide,CHEMBL2287444,,Insecticide,,,
USRKFGIXLGKMKU-UHFFFAOYSA-N,Benthiavalicarb-isopropyl,CHEMBL2334743,CHEBI:81732,Fungicide,,,
MFSWTRQUCLNFOM-UHFFFAOYSA-N,Haloxyfop-P-methyl,CHEMBL1891461,CHEBI:5616,Herbicide,,,
RBSXHDIPCIWOMG-UHFFFAOYSA-N,Sulfosulfuron,CHEMBL2251590,,Herbicide,,,
BCTQJXQXJVLSIG-UHFFFAOYSA-N,Mepronil,CHEMBL1615095,CHEBI:81823,Fungicide,,,
LLLFASISUZUJEQ-UHFFFAOYSA-N,Orbencarb,,CHEBI:7778,Herbicide,,,
YRSSHOVRSMQULE-UHFFFAOYSA-N,Chloroxynil,,,Herbicide,,,
XGWIJUOSCAQSSV-UHFFFAOYSA-N,Hexythiazox,CHEMBL1904578,,Insecticide,,,
CVRALZAYCYJELZ-UHFFFAOYSA-N,Leptophos,CHEMBL2074801,CHEBI:82137,Insecticide,,,
BABMCXWQNSQAOC-UHFFFAOYSA-M,Methylmercuric(II) chloride,,CHEBI:28216,,,,
JXTHEWSKYLZVJC-UHFFFAOYSA-N,Naptalam,CHEMBL2447888,CHEBI:62072,Herbicide,,,
DCUJJWWUNKIJPH-UHFFFAOYSA-N,Nitrapyrin,CHEMBL1557091,CHEBI:81935,,,,
IQGKIPDJXCAMSM-UHFFFAOYSA-N,Triazoxide,,CHEBI:83335,Fungicide,,,
XITQUSLLOSKDTB-UHFFFAOYSA-N,Nitrofen,CHEMBL561004,,Herbicide,,,
JLYXXMFPNIAWKQ-UHFFFAOYSA-N,beta-Hexachlorocyclohexane,CHEMBL1200921,CHEBI:28428,Insecticide,1,GABRB1,DTXSID2020686
JLYXXMFPNIAWKQ-UHFFFAOYSA-N,delta-Hexachlorocyclohexane,CHEMBL1200921,,Insecticide,1,GABRB1,DTXSID2020686
VTNQPKFIQCLBDU-UHFFFAOYSA-N,Acetochlor,CHEMBL1517425,CHEBI:2394,Herbicide,,,
QBEXFUOWUYCXNI-UHFFFAOYSA-N,Ioxynil octanoate,CHEMBL2272565,CHEBI:81928,,,,
CHNUNORXWHYHNE-UHFFFAOYSA-N,Oxadiazon,CHEMBL1080648,CHEBI:81786,Herbicide,,,
XOPFESVZMSQIKC-UHFFFAOYSA-N,Triasulfuron,CHEMBL1896787,CHEBI:9673,Herbicide,,,
RDYMFSUJUZBWLH-UHFFFAOYSA-N,Endosulfan II,CHEMBL194399,,Insecticide,,,
RDYMFSUJUZBWLH-UHFFFAOYSA-N,Endosulfan II,CHEMBL194399,,Insecticide,,,
QGLZXHRNAYXIBU-UHFFFAOYSA-N,Aldicarb,CHEMBL91732,CHEBI:2555,Insecticide,,,
YRRKLBAKDXSTNC-UHFFFAOYSA-N,Aldoxycarb,CHEMBL2138916,CHEBI:82051,Insecticide,,,
BULVZWIRKLYCBC-UHFFFAOYSA-N,Phorate,CHEMBL510014,,Insecticide,,,
QBYJBZPUGVGKQQ-UHFFFAOYSA-N,Isodrin,CHEMBL10835,CHEBI:82100,Insecticide,,,
HSSBORCLYSCBJR-UHFFFAOYSA-N,Chloramben,CHEMBL446021,CHEBI:82183,Herbicide,,,
HSQFVBWFPBKHEB-UHFFFAOYSA-N,"2,3,4-Trichlorophenol",CHEMBL1341844,,Chemical,,,
IDGRPSMONFWWEK-UHFFFAOYSA-N,MCPA-2-ethylhexyl,CHEMBL3183385,,Plant growth regulator,,,
NNKVPIKMPCQWCG-UHFFFAOYSA-N,Methamidophos,CHEMBL504888,,Insecticide,,,
DAASOABUJRMZAD-UHFFFAOYSA-N,Bromociclen,CHEMBL1437390,CHEBI:82097,Insecticide,,,
KWGUFOITWDSNQY-UHFFFAOYSA-N,Bromophos-ethyl,CHEMBL3189138,CHEBI:82105,Insecticide,,,
NYQDCVLCJXRDSK-UHFFFAOYSA-N,Bromofos,CHEMBL2104572,CHEBI:82104,Insecticide,,,
FRQUNVLMWIYOLV-UHFFFAOYSA-N,"2,3,4-Trichloroanisole",,,Chemical,,,
NWUWYYSKZYIQAE-UHFFFAOYSA-N,Iprovalicarb,CHEMBL3188690,CHEBI:82023,Fungicide,,,
IXTOWLKEARFCCP-UHFFFAOYSA-N,Propan-2-yl 2-({methoxy[(propan-2-yl)amino]phosphorothioyl}oxy)benzoate,,,Insecticide,,,
QNGYADUGPHQWNE-UHFFFAOYSA-N,Imiprothrin,,,Insecticide,,,
KORSJDCBLAPZEQ-UHFFFAOYSA-N,"1,1-Methylenebis(4-isocyanatocyclohexane)",CHEMBL1878565,CHEBI:53216,,,,
DFBKLUNHFCTMDC-UHFFFAOYSA-N,Dieldrin,CHEMBL44072,CHEBI:34696,Insecticide,,,
GBIHOLCMZGAKNG-UHFFFAOYSA-N,Flucythrinate,CHEMBL2289397,,Insecticide,,,
WXUZAHCNPWONDH-UHFFFAOYSA-N,Dimoxystrobin,CHEMBL2269453,CHEBI:83218,Fungicide,,,
CTTHWASMBLQOFR-UHFFFAOYSA-N,Amidosulfuron,,CHEBI:2635,Herbicide,,,
PGOOBECODWQEAB-UHFFFAOYSA-N,Clothianidin,CHEMBL259727,,Insecticide,,,
GOLXNESZZPUPJE-UHFFFAOYSA-N,Spiromesifen,CHEMBL2227838,CHEBI:38640,Insecticide,,,
YRMLFORXOOIJDR-UHFFFAOYSA-N,Dichlormid,CHEMBL2251310,CHEBI:81956,,,,
DTDSAWVUFPGDMX-UHFFFAOYSA-N,Spirodiclofen,CHEMBL2227839,CHEBI:38639,Insecticide,,,
IBSNKSODLGJUMQ-UHFFFAOYSA-N,Picoxystrobin,CHEMBL522759,CHEBI:83197,Fungicide,,,
JEDYYFXHPAIBGR-UHFFFAOYSA-N,Butafenacil,CHEMBL2140532,CHEBI:81750,Herbicide,,,
WCXDHFDTOYPNIE-UHFFFAOYSA-N,N-[(6-Chloro-3-pyridinyl)methyl]-N'-cyano-N-methylethanimidamide,CHEMBL265941,,Insecticide,,,
WCXDHFDTOYPNIE-UHFFFAOYSA-N,N-[(6-Chloro-3-pyridinyl)methyl]-N'-cyano-N-methylethanimidamide,CHEMBL265941,,Insecticide,,,
RRKHIAYNPVQKEF-UHFFFAOYSA-N,Pyriftalid,,CHEBI:81779,Herbicide,,,
HZRSNVGNWUDEFX-UHFFFAOYSA-N,Pyraclostrobin,CHEMBL519873,CHEBI:78780,Fungicide,,,
JLYFCTQDENRSOL-UHFFFAOYSA-N,Dimethenamid-P,CHEMBL1565335,CHEBI:83640,Herbicide,,,
QQODLKZGRKWIFG-UHFFFAOYSA-N,Cyfluthrin,CHEMBL309917,CHEBI:28755,Insecticide,,,
QQODLKZGRKWIFG-UHFFFAOYSA-N,beta-Cyfluthrin,CHEMBL309917,,Insecticide,,,
GEPDYQSQVLXLEU-UHFFFAOYSA-N,(Z)-Mevinphos,,,Insecticide,,,
UFEODZBUAFNAEU-UHFFFAOYSA-N,Fluoxastrobin,CHEMBL1902591,CHEBI:83253,Fungicide,,,
MWKVXOJATACCCH-UHFFFAOYSA-N,"4,5-dihydro-5,5-diphenyl-1,2-oxazole-3-carboxylic acid, ethyl ester",CHEMBL3185294,,Herbicide Safener,,,
VNENJHUOPQAPAT-UHFFFAOYSA-N,5-Hydroxythiabendazole,,,Fungicide,,,
ABOOPXYCKNFDNJ-UHFFFAOYSA-N,Quizalofop-P,,,Herbicide,,,
KPUREKXXPHOJQT-UHFFFAOYSA-N,Mesotrione,CHEMBL1873440,CHEBI:38321,Herbicide,,,
JLYXXMFPNIAWKQ-UHFFFAOYSA-N,"alpha-1,2,3,4,5,6-Hexachlorocyclohexane",CHEMBL1200921,,Insecticide,1,GABRB1,DTXSID2020686
WVQBLGZPHOPPFO-UHFFFAOYSA-N,S-Metolachlor,CHEMBL2251445,CHEBI:83647,Herbicide,,,
YFXPPSKYMBTNAV-UHFFFAOYSA-N,Bensultap,CHEMBL2270410,,Insecticide,,,
IUOKJNROJISWRO-UHFFFAOYSA-N,Fenoxanil,,CHEBI:84016,Fungicide,,,
KVEQCVKVIFQSGC-UHFFFAOYSA-N,Tritosulfuron,,CHEBI:83500,Herbicide,,,
YXKMMRDKEKCERS-UHFFFAOYSA-N,Cyazofamid,CHEMBL1863429,CHEBI:81841,Fungicide,,,
WYEMLYFITZORAB-UHFFFAOYSA-N,Boscalid,CHEMBL1076544,CHEBI:81822,Fungicide,,,
KUBUBYBFFRVFHD-UHFFFAOYSA-N,"Phosphoric acid, diethyl p-(methylsulfonyl)phenyl ester",,,Insecticide,,,
GTKRZJVAXAQBMB-UHFFFAOYSA-N,"5,6-Dimethyl-2-(methylamino)pyrimidin-4-yl dimethylcarbamate",,,Insecticide,,,
GDEAMEURJBBCOQ-UHFFFAOYSA-N,"2-[Formyl(methyl)amino]-5,6-dimethylpyrimidin-4-yl dimethylcarbamate",,,Insecticide,,,
CXWYCAYNZXSHTF-UHFFFAOYSA-N,Ethofumesate-2-keto,,CHEBI:83510,Herbicide,,,
LEZHOZPJYAQQNU-UHFFFAOYSA-N,Thiacloprid amide,,CHEBI:83543,Insecticide,,,
IRVDMKJLOCGUBJ-UHFFFAOYSA-N,Thionazin,,CHEBI:82165,Insecticide,,,
BWUPSGJXXPATLU-UHFFFAOYSA-N,Dimepiperate,,CHEBI:34713,Herbicide,,,
LMVPQMGRYSRMIW-UHFFFAOYSA-N,Fenamidone,CHEMBL1232792,CHEBI:83258,Fungicide,,,
DVOODWOZJVJKQR-UHFFFAOYSA-N,Oxadiargyl,,,Herbicide,,,
VBCVPMMZEGZULK-UHFFFAOYSA-N,(+/-)-Indoxacarb,CHEMBL197676,CHEBI:38630,Insecticide,,,
CIFWZNRJIBNXRE-UHFFFAOYSA-N,Mepanipyrim,CHEMBL2269513,CHEBI:6751,Fungicide,,,
WCYYAQFQZQEUEN-UHFFFAOYSA-N,"3,5,6-Trichloro-2-pyridinol",CHEMBL3186214,CHEBI:83490,,,,
ZYDGETIUYQKBKI-UHFFFAOYSA-N,Ethiprole,CHEMBL2228921,CHEBI:81827,Insecticide,,,
PXDNXJSDGQBLKS-UHFFFAOYSA-N,Foramsulfuron,CHEMBL1243071,CHEBI:83502,Herbicide,,,
JTHMVYBOQLDDIY-UHFFFAOYSA-N,Propoxycarbazone-sodium,CHEMBL3183019,,Herbicide,,,
IAUMNRCGDHLAMJ-UHFFFAOYSA-N,Methyl 2-(4-{[5-(trifluoromethyl)pyridin-2-yl]oxy}phenoxy)propanoate,,,Herbicide,,,
AKNQMEBLVAMSNZ-UHFFFAOYSA-N,Azaconazole,CHEMBL261627,CHEBI:81898,Fungicide,,,
HWATZEJQIXKWQS-UHFFFAOYSA-N,Flazasulfuron,CHEMBL1878071,CHEBI:81749,Herbicide,,,
KZNDFYDURHAESM-UHFFFAOYSA-N,Propisochlor,,,Herbicide,,,
OSUHJPCHFDQAIT-UHFFFAOYSA-N,Quizalofop-P-ethyl,CHEMBL444825,CHEBI:81807,Herbicide,,,
MLKCGVHIFJBRCD-UHFFFAOYSA-N,Carfentrazone-ethyl,CHEMBL2145069,CHEBI:3416,Herbicide,,,
OWUZCVPRFKSBRG-UHFFFAOYSA-N,Flocoumafen,,CHEBI:81894,Rodenticide,,,
GLPZEHFBLBYFHN-UHFFFAOYSA-N,Ethyl 5-chloro-1H-indazole-3-acetate,,CHEBI:81809,Plant Growth Regulator,,,
LNJNFVJKDJYTEU-UHFFFAOYSA-N,Diethofencarb,CHEMBL1880404,CHEBI:4520,Herbicide,,,
YREQHYQNNWYQCJ-UHFFFAOYSA-N,Etofenprox,CHEMBL2105573,,Insecticide,,,
UZCGKGPEKUCDTF-UHFFFAOYSA-N,Fluazinam,CHEMBL1878267,CHEBI:81843,Fungicide,,,
DUFVKSUJRWYZQP-UHFFFAOYSA-N,Fosthiazate,CHEMBL1905657,,Insecticide,,,
AWSBKDYHGOOSML-UHFFFAOYSA-N,Dicamba-methyl,,,Herbicide,,,
OTKTUNJJKYTOFF-UHFFFAOYSA-N,Acetochlor OA,,CHEBI:83451,Herbicide,,,
MHCYOELBTPOBIU-UHFFFAOYSA-N,Alachlor OA,,CHEBI:83450,Herbicide,,,
LNOOSYCKMKZOJB-UHFFFAOYSA-N,Metolachlor OA,,CHEBI:83652,Herbicide,,,
HYHJOUPYTUBFIX-UHFFFAOYSA-N,Propachlor OA,,CHEBI:83520,Herbicide,,,
FFKNXXCOXIZLJD-UHFFFAOYSA-N,Flufenacet OA,,CHEBI:83474,Herbicide,,,
PPDBOQMNKNNODG-UHFFFAOYSA-N,Triticonazole,CHEMBL3188632,CHEBI:84005,Fungicide,,,
NHDHVHZZCFYRSB-UHFFFAOYSA-N,Pyriproxyfen,CHEMBL1883234,,Insecticide,,,
FNCMBMZOZQAWJA-UHFFFAOYSA-N,Methiocarb sulfoxide,,CHEBI:83542,Insecticide,,,
NIFKBBMCXCMCAO-UHFFFAOYSA-N,Mesosulfuron-methyl,CHEMBL1883630,,Herbicide,,,
PVSGXWMWNRGTKE-UHFFFAOYSA-N,Imazapic,CHEMBL2251718,,Herbicide,,,
KTUBSXMBPVHJQY-UHFFFAOYSA-N,"(5S)-3-Anilino-5-methyl-5-phenylimidazolidine-2,4-dione",,,Fungicide,,,
YWTHVAKOGDVEOS-UHFFFAOYSA-N,Clethodim,CHEMBL111058,CHEBI:70721,Herbicide,,,
RTCOGUMHFFWOJV-UHFFFAOYSA-N,Nicosulfuron,CHEMBL2251450,CHEBI:7554,Herbicide,,,
KTALPKYXQZGAEG-UHFFFAOYSA-N,2-(Propan-2-yl)-9H-thioxanthen-9-one,CHEMBL3184930,,toxisch,,,
IKVYHNPVKUNCJM-UHFFFAOYSA-N,"9H-Thioxanthen-9-one, 4-(1-methylethyl)-",,,toxisch,,,
ZDXMLEQEMNLCQG-UHFFFAOYSA-N,Sulfometuron-methyl,CHEMBL513261,CHEBI:9348,Herbicide,,,
BPPVUXSMLBXYGG-UHFFFAOYSA-N,Topramezone,CHEMBL2272076,,Herbicide,,,
NUPJIGQFXCQJBK-UHFFFAOYSA-N,Imazamox,CHEMBL1881028,CHEBI:83742,Herbicide,,,
NLYDHBBTVWMLFD-UHFFFAOYSA-N,Methyl triclosan,CHEMBL2325395,,Fungicide,,,
HIIRDDUVRXCDBN-UHFFFAOYSA-N,(Z)-Metominostrobin,,,Fungicide,,,
QNSIFYWAPWSAIJ-UHFFFAOYSA-N,Naftalofos,CHEMBL2105556,CHEBI:51962,,,,
MNHVNIJQQRJYDH-UHFFFAOYSA-N,Prothioconazole,CHEMBL2251446,CHEBI:84008,Fungicide,,,
QMTNOLKHSWIQBE-UHFFFAOYSA-N,Cinmethylin,CHEMBL1903971,CHEBI:3708,Herbicide,,,
ICJSJAJWTWPSBD-UHFFFAOYSA-N,(5-Chloroquinolin-8-yloxy)acetic acid,,,Herbicide safener,,,
ZXFXBSWRVIQKOD-UHFFFAOYSA-N,Heptachlor epoxide B,CHEMBL1903207,CHEBI:34786,Insecticide,,,
NUFNQYOELLVIPL-UHFFFAOYSA-N,5-(2-Chloro-4-(trifluoromethyl)phenoxy)-2-nitrobenzoic acid,CHEMBL222440,CHEBI:73172,Herbicide,,,
OMFRMAHOUUJSGP-UHFFFAOYSA-N,"2-Methyl-3-phenylbenzyl 3-(2-chloro-3,3,3-trifluoroprop-1-en-1-yl)-2,2-dimethylcyclopropanecarboxylate",,,Insecticide,,,
QZXCCPZJCKEPSA-UHFFFAOYSA-N,Chlorfenac,CHEMBL1895774,CHEBI:82235,Herbicide,,,
VJYIFXVZLXQVHO-UHFFFAOYSA-N,Chlorsulfuron,CHEMBL1229721,,Herbicide,,,
VJYIFXVZLXQVHO-UHFFFAOYSA-N,Chlorsulfuron,CHEMBL1229721,,Herbicide,,,
JFIXKFSJCQNGEK-UHFFFAOYSA-N,Coumafuryl,,CHEBI:81858,Rodenticide,,,
BWANKYVXZCWXJW-UHFFFAOYSA-N,Cymoxanil,CHEMBL59983,CHEBI:81788,Fungicide,,,
OFDYMSKSGFSLLM-UHFFFAOYSA-N,Dinitramine,CHEMBL1223066,CHEBI:81959,Herbicide,,,
ZRGHYHHYHYAJBT-UHFFFAOYSA-N,Drazoxolon,,CHEBI:82071,Fungicide,,,
KQTVWCSONPJJPE-UHFFFAOYSA-N,Etridiazole,CHEMBL3183350,CHEBI:81761,Fungicide,,,
JISACBWYRJHSMG-UHFFFAOYSA-N,Famphur,CHEMBL1525287,CHEBI:38677,Insecticide,,,
WCHBYUHLDNMPBA-UHFFFAOYSA-N,Fenbutatin oxide,CHEMBL233451,CHEBI:81892,Insecticide,,,
HJUFTIJOISQSKQ-UHFFFAOYSA-N,Fenoxycarb,CHEMBL15780,,Insecticide,,,
JWUCHKBSVLQQCO-UHFFFAOYSA-N,Flutriafol,CHEMBL828,CHEBI:83707,Fungicide,,,
QTDRLOKFLJJHTG-UHFFFAOYSA-N,Furmecyclox,,CHEBI:82055,Fungicide,,,
STMIIPIFODONDC-UHFFFAOYSA-N,Hexaconazole,CHEMBL1898860,CHEBI:83711,Fungicide,,,
FFCCBBNQPIMUJI-UHFFFAOYSA-N,Imazamethabenz methyl ester,CHEMBL3186163,CHEBI:6849,Herbicide,,,
LTQSAUHRSCMPLD-UHFFFAOYSA-N,Mephosfolan,CHEMBL2272786,CHEBI:82141,Insecticide,,,
HZJKXKUJVSEEFU-UHFFFAOYSA-N,Myclobutanil,CHEMBL1904430,CHEBI:83729,Fungicide,,,
NVGOPFQZYCNLDU-UHFFFAOYSA-N,Norflurazon,CHEMBL1881194,CHEBI:50842,Herbicide,,,
UWVQIROCRJWDKL-UHFFFAOYSA-N,Oxadixyl,CHEMBL1864998,CHEBI:81937,Fungicide,,,
LCPDWSOZIOUXRV-UHFFFAOYSA-N,Phenoxyacetic acid,CHEMBL173521,CHEBI:18280,,,,
BZNDWPRGXNILMS-UHFFFAOYSA-N,Propetamphos,CHEMBL1875667,,Insecticide,,,
JXVIIQLNUPXOII-UHFFFAOYSA-N,Siduron,CHEMBL1569926,CHEBI:81744,Herbicide,,,
XDOTVMNBCQVZKG-UHFFFAOYSA-N,Thiodicarb,CHEMBL1864989,,Insecticide,,,
JHBKHLUZVFWLAG-UHFFFAOYSA-N,"1,2,4,5-Tetrachlorobenzene",CHEMBL45428,CHEBI:36697,Chemical,,,
UKSLKNUCVPZQCQ-UHFFFAOYSA-N,Fluxofenim,CHEMBL3185597,CHEBI:81924,Herbicide Safener,,,
HAORKNGNJCEJBX-UHFFFAOYSA-N,Cyprodinil,CHEMBL521027,CHEBI:4045,Fungicide,,,
MPNJTIZLDHWBFX-UHFFFAOYSA-N,"Urea, N-propyl-N-[2-(2,4,6-trichlorophenoxy)ethyl]-",,,Fungicide,,,
CLFQSOIBYICELN-UHFFFAOYSA-N,"N-[2-(2,4,6-trichlorophenoxy)ethyl]propan-1-amine",,,Fungicide,,,
XTKWJIRAAGGZFP-UHFFFAOYSA-N,BIXAFEN METABOLITE BYF00587,,,Fungicide,,,
JCMMUCVPUOXQDO-UHFFFAOYSA-N,FLUFENACET METABOLITE FOE5043,,,Herbicide,,,
NEVJEWJRKNOMJX-UHFFFAOYSA-N,Fipronil amide,,,Insecticide,,,
UCFZVSGFROHEIF-UHFFFAOYSA-N,Fipronil sulfide,,CHEBI:83488,Insecticide,,,
RHDVQZWCBQXOJW-UHFFFAOYSA-N,"N-{propyl[2-(2,4,6-trichlorophenoxy)ethyl]carbamoyl}formamide",,,Fungicide,,,
NIUNKPWHNGMQRE-UHFFFAOYSA-N,Malathion dicarboxylic Acid,,,Insecticide,,,
NQCPECCCWDWTJJ-UHFFFAOYSA-N,2-(Diethylamino)-6-methyl-1H-pyrimidin-4-one,,,,,,
AXMBYGGSBXWTEY-UHFFFAOYSA-N,4-(Trifluoromethyl)nicotinoyl glycine,,,Insecticide,,,
XAIPTRIXGHTTNT-UHFFFAOYSA-N,Triflumuron,CHEMBL1394379,,Insecticide,,,
NZNRRXXETLSZRO-UHFFFAOYSA-N,Chlorthion,CHEMBL160606,,Insecticide,,,
OQMBBFQZGJFLBU-UHFFFAOYSA-N,Oxyfluorfen,CHEMBL1871400,CHEBI:82029,Herbicide,,,
APTZNLHMIGJTEW-UHFFFAOYSA-N,Pyraflufen-ethyl,CHEMBL1905010,CHEBI:81828,Herbicide,,,
PFDCOZXELJAUTR-UHFFFAOYSA-N,Inabenfide,,CHEBI:5887,,,,
OUNSASXJZHBGAI-UHFFFAOYSA-N,Dioxabenzofos,CHEMBL226967,CHEBI:82120,Insecticide,,,
COAIOOWBEPAOFY-UHFFFAOYSA-N,"1,2,3-Benzothiadiazole-7-carboxylic acid",CHEMBL2228257,,Fungicide,,,
IQVNEKKDSLOHHK-UHFFFAOYSA-N,Hydramethylnon,CHEMBL464812,CHEBI:2630,Insecticide,,,
GOCUAJYOYBLQRH-UHFFFAOYSA-N,Haloxyfop-P,CHEMBL223593,CHEBI:365,Herbicide,,,
AHJKRLASYNVKDZ-UHFFFAOYSA-N,"p,p'-DDD",CHEMBL196590,CHEBI:27841,Insecticide,,,
UCNVFOCBFJOQAL-UHFFFAOYSA-N,"p,p'-DDE",CHEMBL363207,CHEBI:16598,Insecticide,1,AR,DTXSID9020374
LNKQQZFLNUVWQQ-UHFFFAOYSA-N,"1,1-Bis(p-chlorophenyl)-2-chloroethene",,CHEBI:27454,Insecticide,,,
ZXFXBSWRVIQKOD-UHFFFAOYSA-N,Heptachlor epoxide A,,,Insecticide,,,
ZFHGXWPMULPQSE-UHFFFAOYSA-N,Tefluthrin,CHEMBL1335810,CHEBI:78107,Insecticide,,,
RRYATXLRCBOQTJ-UHFFFAOYSA-N,Pentachlorophenyl acetate,,,,,,
PRPINYUDVPFIRX-UHFFFAOYSA-N,1-Naphthaleneacetic acid,CHEMBL428495,CHEBI:32918,Insecticide,,,
YGGXZTQSGNFKPJ-UHFFFAOYSA-N,Methyl 1-naphthaleneacetate,CHEMBL3182503,,Insecticide,,,
OCJBOOLMMGQPQU-UHFFFAOYSA-N,"1,4-Dichlorobenzene",CHEMBL190982,CHEBI:28618,Chemical,,,
ZUOUZKKEUPVFJK-UHFFFAOYSA-N,Biphenyl,CHEMBL14092,CHEBI:17097,Fungicide,,,
HFZWRUODUSTPEG-UHFFFAOYSA-N,"2,4-Dichlorophenol",CHEMBL1143,CHEBI:16738,Chemical,,,
QSNSCYSYFYORTR-UHFFFAOYSA-N,4-Chloroaniline,CHEMBL15888,CHEBI:20331,Chemical,,,
KQCMTOWTPBNWDB-UHFFFAOYSA-N,"2,4-Dichloroaniline",CHEMBL1528820,,Chemical,,,
RHPUJHQBPORFGV-UHFFFAOYSA-N,4-Chloro-2-methylphenol,CHEMBL194121,CHEBI:1800,Chemical,,,
BTJIUGUIPKRLHP-UHFFFAOYSA-N,4-Nitrophenol,CHEMBL14130,CHEBI:57917,Herbicide,,,
PLIKAWJENQZMHA-UHFFFAOYSA-N,4-Aminophenol,CHEMBL1142,CHEBI:17602,Chemical,,,
CJHXCRMKMMBYJQ-UHFFFAOYSA-N,Dimethirimol,CHEMBL2288252,CHEBI:81958,Fungicide,,,
OLCMNCWEUMBNIS-UHFFFAOYSA-N,"5-Chloro-2,4-dimethoxyaniline",CHEMBL1469530,,,,,
ITKAIUGKVKDENI-UHFFFAOYSA-N,Pyrimidifen,,CHEBI:38604,Insecticide,,,
SFNPDDSJBGRXLW-UHFFFAOYSA-N,Butocarboxim,,CHEBI:38465,Insecticide,,,
CTJBHIROCMPUKL-UHFFFAOYSA-N,Butoxycarboxim,CHEMBL3183651,CHEBI:38470,Insecticide,,,
ZHLKXBJTJHRTTE-UHFFFAOYSA-N,Chlorbenside,,CHEBI:34625,Acaricide,,,
PFIADAMVCJPXSF-UHFFFAOYSA-N,Chloroneb,CHEMBL3183369,CHEBI:3628,Fungicide,,,
JAZJVWLGNLCNDD-UHFFFAOYSA-N,Chlorthiophos,CHEMBL2074800,CHEBI:82109,Insecticide,,,
CAWXEEYDBZRFPE-UHFFFAOYSA-N,Hexazinone,CHEMBL2252598,CHEBI:5705,Herbicide,,,
NRXQIUSYPAHGNM-UHFFFAOYSA-N,Ioxynil,CHEMBL509523,CHEBI:81821,Herbicide,,,
RWJQYSGDSYIGMC-UHFFFAOYSA-N,Iprodione,CHEMBL1862887,CHEBI:28909,Fungicide,,,
XRHGWAGWAHHFLF-UHFFFAOYSA-N,Isazofos,CHEMBL1879142,CHEBI:82135,Insecticide,,,
SBYAVOHNDJTVPA-UHFFFAOYSA-N,N-Isobutyl-2-oxo-1-imidazolidinecarboxamide,,CHEBI:82174,Herbicide,,,
MZTLOILRKLUURT-UHFFFAOYSA-N,Isomethiozin,CHEMBL413743,CHEBI:82229,Herbicide,,,
PUIYMUZLKQOUOZ-UHFFFAOYSA-N,Isoproturon,CHEMBL2251591,CHEBI:6049,Herbicide,,,
OAHOOHXOGXTWDN-UHFFFAOYSA-N,Isoxaben,CHEMBL2142789,CHEBI:63956,Herbicide,,,
XKJMBINCVNINCA-UHFFFAOYSA-N,Linuron,CHEMBL448213,CHEBI:6482,Herbicide,1,AR,DTXSID2024163
WSORODGWGUUOBO-UHFFFAOYSA-N,Malaoxon,CHEMBL1331476,CHEBI:6649,Insecticide,,,
VWERIRLJUWTNDA-UHFFFAOYSA-N,MCPA-methyl [ISO],,,Plant growth regulator,,,
WNTGYJSOUMFZEP-UHFFFAOYSA-N,Mecoprop,CHEMBL272942,CHEBI:75704,Plant growth regulator,,,
YWGAULPFWIQKRB-UHFFFAOYSA-N,Methyl 2-(4-chloro-2-methylphenoxy)propanoate,,,Plant growth regulator,,,
XIGAUIHYSDTJHW-UHFFFAOYSA-N,Mefenacet,CHEMBL1592324,CHEBI:34830,Herbicide,,,
YFBPRJGDJKVWAH-UHFFFAOYSA-N,Methiocarb,CHEMBL1076495,CHEBI:38508,Insecticide,,,
VHCNQEUWZYOAEV-UHFFFAOYSA-N,Metamitron,CHEMBL3187145,CHEBI:6791,Herbicide,,,
STEPQTYSZVCJPV-UHFFFAOYSA-N,Metazachlor,CHEMBL2272118,CHEBI:6798,Herbicide,,,
RRVIAQKBTUQODI-UHFFFAOYSA-N,Methabenzthiazuron,CHEMBL1890813,CHEBI:6803,Herbicide,,,
MEBQXILRKZHVCX-UHFFFAOYSA-N,Methidathion,CHEMBL226651,,Insecticide,,,
UHXUZOCRWCRNSJ-UHFFFAOYSA-N,Methomyl,CHEMBL552761,CHEBI:6835,Insecticide,,,
IAKOZHOLGAGEJT-UHFFFAOYSA-N,Methoxychlor,CHEMBL362919,,Insecticide,2,"AR, ESR1",DTXSID9020827
WLFDQEVORAMCIM-UHFFFAOYSA-N,Metobromuron,CHEMBL1356637,CHEBI:81964,Herbicide,,,
WVQBLGZPHOPPFO-UHFFFAOYSA-N,Metolachlor,CHEMBL1884974,CHEBI:83645,Herbicide,,,
DSRNRYQBBJQVCW-UHFFFAOYSA-N,Metoxuron,,CHEBI:6907,Herbicide,,,
FOXFZRUHNHCZPX-UHFFFAOYSA-N,Metribuzin,CHEMBL1902519,CHEBI:34846,Herbicide,,,
CDLBFJPSMMOYOX-UHFFFAOYSA-N,Octylbicycloheptenedicarboximide,CHEMBL1874490,CHEBI:81966,,,,
IITCWRFYJWUUPC-UHFFFAOYSA-N,"Dipropyl 2,5-pyridinedicarboxylate",CHEMBL1899338,,,,,
GVYLCNUFSHDAAW-UHFFFAOYSA-N,Mirex,CHEMBL442231,,Insecticide,,,
DEDOPGXGGQYYMW-UHFFFAOYSA-N,Molinate,CHEMBL1865916,CHEBI:6964,Herbicide,,,
KXGYBSNVFXBPNO-UHFFFAOYSA-N,Monalide,CHEMBL1520034,CHEBI:82180,Herbicide,,,
KRTSDMXIXPKRQR-UHFFFAOYSA-N,Monocrotophos,CHEMBL2272785,,Insecticide,,,
BMLIZLVNXIYGCK-UHFFFAOYSA-N,Monuron,CHEMBL467623,CHEBI:38214,Herbicide,,,
WXZVAROIGSFCFJ-UHFFFAOYSA-N,Napropamide,CHEMBL1877460,CHEBI:83771,Herbicide,,,
CCGPUGMWYLICGL-UHFFFAOYSA-N,Neburon,CHEMBL75410,CHEBI:7491,Herbicide,,,
UMKANAFDOQQUKE-UHFFFAOYSA-N,Nitralin,CHEMBL1256763,CHEBI:82190,Herbicide,,,
VJAWBEFMCIINFU-UHFFFAOYSA-N,Nitrothal-isopropyl,CHEMBL1892508,CHEBI:82026,,,,
PZXOQEXFMJCDPG-UHFFFAOYSA-N,Omethoate,CHEMBL2270068,,Insecticide,,,
UNAHYJYOSSSJHH-UHFFFAOYSA-N,Oryzalin,CHEMBL295960,CHEBI:73163,Herbicide,,,
WFVUIONFJOAYPK-UHFFFAOYSA-N,Oxabentrinil,,CHEBI:82027,Herbicide Safener,,,
KZAUOCCYDRDERY-UHFFFAOYSA-N,Oxamyl,CHEMBL2140710,CHEBI:38539,Insecticide,,,
AMEKQAFGQBKLKX-UHFFFAOYSA-N,Oxycarboxin,CHEMBL1712057,CHEBI:7858,Fungicide,,,
WYMSBXTXOHUIGT-UHFFFAOYSA-N,Paraoxon,CHEMBL23838,CHEBI:27827,Insecticide,1,ACHE,DTXSID6024046
RLBIQVVOMOPOHC-UHFFFAOYSA-N,Methyl parathion,CHEMBL346516,,Insecticide,,,
SGEJQUSYQTVSIU-UHFFFAOYSA-N,Pebulate,CHEMBL2251585,CHEBI:81939,Herbicide,,,
WKBPZYKAUNRMKP-UHFFFAOYSA-N,Penconazole,CHEMBL481474,CHEBI:83993,Fungicide,,,
CHIFOSRWCNZCFN-UHFFFAOYSA-N,Pendimethalin,CHEMBL1256630,CHEBI:7958,Herbicide,,,
IDOWTHOLJBTAFI-UHFFFAOYSA-N,Phenmedipham,CHEMBL1079421,CHEBI:81734,Herbicide,,,
IOUNQDKNJZEDEP-UHFFFAOYSA-N,Phosalone,CHEMBL1528531,,Insecticide,,,
LMNZTLDVJIUSHT-UHFFFAOYSA-N,Phosmet,CHEMBL1481873,,Insecticide,,,
LDZMXYUHLHAQAY-UHFFFAOYSA-N,Ioxynil-methyl,,,Herbicide,,,
YTOPFCCWCSOHFV-UHFFFAOYSA-N,Tridemorph,CHEMBL2286765,,Fungicide,,,
AIGRXSNSLVJMEA-UHFFFAOYSA-N,EPN,CHEMBL3184641,CHEBI:34733,Insecticide,,,
ISVQSVPUDBVFFU-UHFFFAOYSA-N,Fenazaflor,,CHEBI:82159,Insecticide,,,
NEKOXWSIMFDGMA-UHFFFAOYSA-N,Isopropalin,CHEMBL1256728,CHEBI:82189,Herbicide,,,
BYYMILHAKOURNM-UHFFFAOYSA-N,Buturon,CHEMBL3185882,CHEBI:82199,Herbicide,,,
VMYDDULRGBGGBN-UHFFFAOYSA-N,Desethylsebutylazine,,,Insecticide,,,
LHJGJYXLEPZJPM-UHFFFAOYSA-N,"2,4,5-Trichlorophenol",CHEMBL109095,CHEBI:28520,Chemical,,,
HSYISQLUXXBNFW-UHFFFAOYSA-N,TERBUMETON-DESETHYL,,,Herbicide,,,
KLGMSAOQDHLCOS-UHFFFAOYSA-N,Mecarbam,CHEMBL1417951,,Insecticide,,,
KEWNKZNZRIAIAK-UHFFFAOYSA-N,"2,3,5,6-Tetrachlorophenol",CHEMBL1606550,CHEBI:52048,Chemical,,,
FFSSWMQPCJRCRV-UHFFFAOYSA-N,Quinclorac,CHEMBL1893653,CHEBI:81974,Herbicide,,,
ALZOLUNSQWINIR-UHFFFAOYSA-N,Quinmerac,CHEMBL2448918,CHEBI:82039,Herbicide,,,
SPNQRCTZKIBOAX-UHFFFAOYSA-N,Butralin,CHEMBL1256669,CHEBI:81847,Herbicide,,,
UISUNVFOGSJSKD-UHFFFAOYSA-N,Chlorfluazuron,CHEMBL2251411,,Insecticide,,,
BQYJATMQXGBDHF-UHFFFAOYSA-N,Difenoconazole,CHEMBL466426,CHEBI:81760,Fungicide,,,
FKLFBQCQQYDUAM-UHFFFAOYSA-N,Fenpicionil,CHEMBL1770195,CHEBI:34759,Fungicide,,,
ZHDPLQKJJVUBDP-UHFFFAOYSA-N,Tralkoxydim,CHEMBL60556,CHEBI:81948,Herbicide,,,
IVDRCZNHVGQBHZ-UHFFFAOYSA-N,Triclopyr butotyl,CHEMBL3184836,,Herbicide,,,
LINPIYWFGCPVIE-UHFFFAOYSA-N,"2,4,6-Trichlorophenol",CHEMBL309917,CHEBI:28755,Chemical,,,
FOCAUTSVDIKZOP-UHFFFAOYSA-N,Chloroacetic acid,CHEMBL14090,CHEBI:27869,Insecticide,,,
HKMLRUAPIDAGIE-UHFFFAOYSA-N,"Acetic acid, 2,2-dichloro-, methyl ester",,,Insecticide,,,
FSAVDKDHPDSCTO-UHFFFAOYSA-N,Chlorfenvinphos,CHEMBL1979687,CHEBI:38598,Insecticide,,,
DTCJYIIKPVRVDD-UHFFFAOYSA-N,Benzthiazuron,,CHEBI:82185,Herbicide,,,
HJIUPFPIEBPYIE-UHFFFAOYSA-N,Crimidine,CHEMBL1607733,CHEBI:82258,Rodenticide,,,
RJKCKKDSSSRYCB-UHFFFAOYSA-N,Butam,CHEMBL3187066,CHEBI:82043,Herbicide,,,
QUWSDLYBOVGOCW-UHFFFAOYSA-N,Tetrasul,CHEMBL1365576,CHEBI:82162,Insecticide,,,
RZKKOBGFCAHLCZ-UHFFFAOYSA-N,"1,4-Dichloro-2-nitrobenzene",CHEMBL354761,,Fungicide,,,
MGJKQDOBUOMPEZ-UHFFFAOYSA-N,"N,N'-Dimethylurea",CHEMBL1234380,,Chemical,,,
NINIDFKCEFEMDL-UHFFFAOYSA-N,Sulfur,CHEMBL1200739,CHEBI:16136,Insecticide,,,
JHSPCUHPSIUQRB-UHFFFAOYSA-N,"2,6-Dichlorobenzamide",CHEMBL3184754,,,,,
IKHGUXGNUITLKF-UHFFFAOYSA-N,"Acetaldehyde, homopolymer",CHEMBL2251334,CHEBI:81931,,,,
OTFNCXLUCRUNCH-UHFFFAOYSA-N,"2,3,6-Trichloroanisole",,,Chemical,,,
PBKONEOXTCPAFI-UHFFFAOYSA-N,"1,2,4-Trichlorobenzene",CHEMBL296348,CHEBI:28222,Chemical,,,
IVENSCMCQBJAKW-UHFFFAOYSA-N,Deisopropylatrazine,CHEMBL1895845,CHEBI:27399,Herbicide,,,
DFWFIQKMSFGDCQ-UHFFFAOYSA-N,Deethylatrazine,CHEMBL3184909,CHEBI:28212,Herbicide,,,
NFMIMWNQWAWNDW-UHFFFAOYSA-N,2-Hydroxyatrazine,,CHEBI:18316,Insecticide,,,
QBYJBZPUGVGKQQ-UHFFFAOYSA-N,Aldrin,CHEMBL195953,CHEBI:2564,Insecticide,,,
FVFVNNKYKYZTJU-UHFFFAOYSA-N,"6-Chloro-1,3,5-triazine-2,4-diamine",CHEMBL1872965,CHEBI:27726,Herbicide,,,
CKPWHXBGVRURFU-UHFFFAOYSA-N,Endosulfan ether,,,Insecticide,,,
GTSJHTSVFKEASK-UHFFFAOYSA-N,"Bicyclo[2.2.1]hept-5-ene-2,3-dimethanol, 1,4,5,6,7,7-hexachloro-",,,Insecticide,,,
GIUKJJMBQBRFTN-UHFFFAOYSA-N,Endosulfan lactone,,,Insecticide,,,
AAPVQEMYVNZIOO-UHFFFAOYSA-N,Endosulfan sulfate,CHEMBL2272380,,Insecticide,,,
UOAMTSKGCBMZTC-UHFFFAOYSA-N,Dicofol,CHEMBL228511,,Insecticide,,,
CWLKGDAVCFYWJK-UHFFFAOYSA-N,3-Aminophenol,CHEMBL269755,CHEBI:28924,Chemical,,,
NPDACUSDTOMAMK-UHFFFAOYSA-N,4-Chlorotoluene,CHEMBL1797268,CHEBI:34401,,,,
RWGFKTVRMDUZSP-UHFFFAOYSA-N,Cumene,CHEMBL1398949,CHEBI:34656,,,,
BRPSAOUFIJSKOT-UHFFFAOYSA-N,"2,3-Dichloroaniline",CHEMBL1889723,,Chemical,,,
AVYGCQXNNJPXSS-UHFFFAOYSA-N,"2,5-Dichloroaniline",CHEMBL1406206,CHEBI:34245,Chemical,,,
UQRLKWGPEVNVHT-UHFFFAOYSA-N,"3,5-Dichloroaniline",CHEMBL1451208,,Chemical,,,
QVTQYSFCFOGITD-UHFFFAOYSA-N,"2,5-Dichlorobenzoic acid",CHEMBL326312,,Herbicide,,,
RFFLAFLAYFXFSW-UHFFFAOYSA-N,"1,2-Dichlorobenzene",CHEMBL298461,CHEBI:35290,Chemical,,,
NKTOLZVEWDHZMU-UHFFFAOYSA-N,"2,5-Dimethylphenol",CHEMBL192591,,Chemical,,,
NXXYKOUNUYWIHA-UHFFFAOYSA-N,"2,6-Dimethylphenol",CHEMBL30106,,Chemical,,,
TUAMRELNJMMDMT-UHFFFAOYSA-N,"3,5-Dimethylphenol",CHEMBL191740,CHEBI:38572,Chemical,,,
HXDOZKJGKXYMEW-UHFFFAOYSA-N,4-Ethylphenol,CHEMBL108475,CHEBI:49584,Chemical,,,
XFNJVKMNNVCYEK-UHFFFAOYSA-N,1-Naphthaleneacetamide,CHEMBL3186653,CHEBI:81810,,,,
XKJCHHZQLQNZHY-UHFFFAOYSA-N,Phthalimide,CHEMBL277294,CHEBI:82851,,,,
BJQHLKABXJIVAM-UHFFFAOYSA-N,Di(2-ethylhexyl) phthalate,CHEMBL1409747,CHEBI:17747,Chemical,,,
RELMFMZEBKVZJC-UHFFFAOYSA-N,"1,2,3-Trichlorobenzene",CHEMBL46557,CHEBI:35289,Chemical,,,
XGCHAIDDPMFRLJ-UHFFFAOYSA-N,"2,3,6-Trichlorophenol",CHEMBL1458681,,Chemical,,,
ISPYQTSUDJAMAB-UHFFFAOYSA-N,2-Chlorophenol,CHEMBL108877,,Chemical,,,
ATCRIUVQKHMXSH-UHFFFAOYSA-N,"2,4-Dichlorobenzoic acid",CHEMBL1492029,CHEBI:30748,,,,
JLYXXMFPNIAWKQ-UHFFFAOYSA-N,"1,2,3,4,5,6-Hexachlorocyclohexane",CHEMBL1200921,,Insecticide,1,GABRB1,DTXSID2020686
HUBANNPOLNYSAD-UHFFFAOYSA-N,Clopyralid-olamine,CHEMBL1650605,,Herbicide,,,
HUBANNPOLNYSAD-UHFFFAOYSA-N,Clopyralid,CHEMBL1650605,CHEBI:62961,Herbicide,,,
UXADOQPNKNTIHB-UHFFFAOYSA-N,Clofentezine,CHEMBL17888,,Insecticide,,,
URDNHJIVMYZFRT-UHFFFAOYSA-N,Diclobutrazol,CHEMBL1553129,CHEBI:4506,Fungicide,,,
UFFBMTHBGFGIHF-UHFFFAOYSA-N,"2,6-Dimethylaniline",CHEMBL1340793,CHEBI:28738,Chemical,,,
RYAUSSKQMZRMAI-UHFFFAOYSA-N,"(2R,6S)-Fenpropimorph",CHEMBL372700,CHEBI:50148,Fungicide,,,
OLZQTUCTGLHFTQ-UHFFFAOYSA-N,Fluroxypyr-meptyl,CHEMBL1882270,,Herbicide,,,
DDBMQDADIHOWIC-UHFFFAOYSA-N,Aclonifen,CHEMBL1485557,,Herbicide,,,
NMHGOXYVOKDNHF-UHFFFAOYSA-N,Sethoxydim,CHEMBL326563,CHEBI:81815,Herbicide,,,
ZMYFCFLJBGAQRS-UHFFFAOYSA-N,Epoxiconazole,CHEMBL3184033,CHEBI:83759,Fungicide,,,
MPPOHAUSNPTFAJ-UHFFFAOYSA-N,Fenoxaprop,CHEMBL421035,,Herbicide,,,
VOWAEIGWURALJQ-UHFFFAOYSA-N,Dicyclohexyl phthalate,CHEMBL3185893,CHEBI:34693,Chemical,,,
BSWWXRFVMJHFBN-UHFFFAOYSA-N,"2,4,6-Tribromophenol",CHEMBL220087,CHEBI:47696,,,,
QZYNWJQFTJXIRN-UHFFFAOYSA-N,"1,2,3,5-Tetrachlorobenzene",CHEMBL44011,CHEBI:36696,Chemical,,,
FCOHEOSCARXMMS-UHFFFAOYSA-N,Oxaziclomefone,,CHEBI:81839,Herbicide,,,
JLLJHQLUZAKJFH-UHFFFAOYSA-N,Isouron,,CHEBI:81742,Herbicide,,,
VYNOULHXXDFBLU-UHFFFAOYSA-N,Cumyluron,,CHEBI:81738,Herbicide,,,
BKBSMMUEEAWFRX-UHFFFAOYSA-N,Flumorph,,CHEBI:83428,Fungicide,,,
WPALTCMYPARVNV-UHFFFAOYSA-N,Tolfenpyrad,CHEMBL2229099,CHEBI:38628,Insecticide,,,
YNWVFADWVLCOPU-UHFFFAOYSA-N,Uniconazole,CHEMBL138177,CHEBI:38000,Plant growth regulator,,,
BSBSDQUZDZXGFN-UHFFFAOYSA-N,Cythioate,CHEMBL2104588,,Insecticide,,,
OEYOMNZEMCPTKN-UHFFFAOYSA-N,Butamiphos,CHEMBL2252179,CHEBI:3232,Herbicide,,,
SXSGXWCSHSVPGB-UHFFFAOYSA-N,Fluxapyroxad,,,Fungicide,,,
GOFJDXZZHFNFLV-UHFFFAOYSA-N,Penflufen,,CHEBI:83134,Fungicide,,,
YTBMOFJVIUTUAT-UHFFFAOYSA-N,Flupyradifurone,,,Insecticide,,,
OPUPRNSUEHMJFB-UHFFFAOYSA-N,Halfenprox,,,Insecticide,,,
CGTWCAVZZBLHQH-UHFFFAOYSA-N,Cycloprothrin,,CHEBI:48272,Insecticide,,,
DBXFMOWZRXXBRN-UHFFFAOYSA-N,Valifenalate,,CHEBI:83613,Fungicide,,,
MVEFZZKZBYQFPP-UHFFFAOYSA-N,Phenmedipham-ethyl,,,Herbicide,,,
LQDARGUHUSPFNL-UHFFFAOYSA-N,Tetraconazole,CHEMBL2137654,CHEBI:83999,Fungicide,,,
FZXUXQSWWHWPNU-UHFFFAOYSA-N,Mecoprop-isooctyl,,,,,,
HTTLBYITFHMYFK-UHFFFAOYSA-N,"2-Phenyl-3,1-benzoxazin-4-one",CHEMBL24449,,Herbicide,,,
NXQDBZGWYSEGFL-UHFFFAOYSA-N,Anilofos,,CHEBI:81728,Herbicide,,,
CLQMBPJKHLGMQK-UHFFFAOYSA-N,Imazapyr,CHEMBL1621900,CHEBI:82021,Herbicide,,,
CABMTIJINOIHOD-UHFFFAOYSA-N,Imazaquin,CHEMBL1447880,CHEBI:5869,Herbicide,,,
DLAPIMGBBDILHJ-UHFFFAOYSA-N,Mesulfenfos,,,Insecticide,,,
PRLVTUNWOQKEAI-UHFFFAOYSA-N,Buprofezin,CHEMBL1891512,,Insecticide,,,
HKPHPIREJKHECO-UHFFFAOYSA-N,Butachlor,CHEMBL1399036,CHEBI:3230,Herbicide,,,
WMLPCIHUFDKWJU-UHFFFAOYSA-N,Cinosulfuron,CHEMBL2260701,CHEBI:81982,Herbicide,,,
WXNZYYXXILQTKX-UHFFFAOYSA-N,3-Ketocarbofuran,,,Insecticide,,,
RHSUJRQZTQNSLL-UHFFFAOYSA-N,3-Hydroxycarbofuran,CHEMBL1867082,,Insecticide,,,
XMQFTWRPUQYINF-UHFFFAOYSA-N,Bensulfuron-methyl,CHEMBL2313154,CHEBI:3017,Herbicide,,,
QKZRGESJDWASPQ-UHFFFAOYSA-N,Trinexapac-ethyl,CHEMBL3182004,CHEBI:81817,Plant Growth Regulator,,,
ZOTBXTZVPHCKPN-UHFFFAOYSA-N,Kresoxim-methyl,CHEMBL203191,CHEBI:2962,Fungicide,,,
YFVOXLJXJBQDEF-UHFFFAOYSA-N,Isocarbophos,CHEMBL3185588,,Insecticide,,,
RGNPBRKPHBKNKX-UHFFFAOYSA-N,Hexaflumuron,CHEMBL1892746,,Insecticide,,,
LLQPHQFNMLZJMP-UHFFFAOYSA-N,Fentrazamide,CHEMBL2252193,CHEBI:81791,Herbicide,,,
HOKKPVIRMVDYPB-UHFFFAOYSA-N,Thiacloprid,CHEMBL451432,,Insecticide,,,
XWPZUHJBOLQNMN-UHFFFAOYSA-N,Metconazole,CHEMBL1883512,CHEBI:81773,Fungicide,,,
CWKFPEBMTGKLKX-UHFFFAOYSA-N,Picolinafen,,,Herbicide,,,
CWFOCCVIPCEQCK-UHFFFAOYSA-N,Chlorfenapyr,CHEMBL1371,CHEBI:3655,Insecticide,,,
RONFGUROBZGJKP-UHFFFAOYSA-N,Guazatine acetates (1:x),,CHEBI:5569,Fungicide,,,
RONFGUROBZGJKP-UHFFFAOYSA-N,Iminoctadine triacetate,,CHEBI:81837,Fungicide,,,
XVOKUMIPKHGGTN-UHFFFAOYSA-N,Imazethapyr,CHEMBL1903400,CHEBI:82022,Herbicide,,,
NWWZPOKUUAIXIW-UHFFFAOYSA-N,Thiamethoxam,CHEMBL1896251,,Insecticide,,,
ASCZLNVIWHMJNZ-UHFFFAOYSA-N,SAFLUFENACIL METABOLITE M800H02,,,Herbicide,,,
GBOYJIHYACSLGN-UHFFFAOYSA-N,Fluopicolide,,CHEBI:81764,Fungicide,,,
GBAWQJNHVWMTLU-UHFFFAOYSA-N,Heptenophos,CHEMBL432816,,Insecticide,,,
UHVHHLJWBFTPJL-UHFFFAOYSA-N,Fipronil-desulfinyl,,CHEBI:83489,,,,
RXCPQSJAVKGONC-UHFFFAOYSA-N,Flumetsulam,CHEMBL1389671,CHEBI:82011,Herbicide,,,
HOXBKPMXUXJSCW-UHFFFAOYSA-N,"[2-Chloro-5-(1,3-dioxo-1,3,4,5,6,7-hexahydroisoindol-2-yl)-4-fluorophenoxy]acetic acid",,,Herbicide,,,
VEENJGZXVHKXNB-UHFFFAOYSA-N,Dicrotophos,CHEMBL1876467,CHEBI:38658,Insecticide,,,
VJYFKVYYMZPMAB-UHFFFAOYSA-N,Ethoprop,CHEMBL1894994,CHEBI:38665,Insecticide,,,
XDNBJTQLKCIJBV-UHFFFAOYSA-N,Fensulfothion,CHEMBL3186021,,,,,
FITIWKDOCAUBQD-UHFFFAOYSA-N,Prothiofos,CHEMBL1560680,,Insecticide,,,
JTZCTMAVMHRNTR-UHFFFAOYSA-N,Pyridate,CHEMBL3186929,CHEBI:38184,Herbicide,,,
XLNZEKHULJKQBA-UHFFFAOYSA-N,Terbufos,CHEMBL1406292,,Insecticide,,,
AGBTZYDUBVIKEZ-UHFFFAOYSA-N,"3,3-Dimethyl-1-(methylthio)butanone-O-(N-methylcarbamoyl)oxime",CHEMBL3184740,CHEBI:38549,Insecticide,,,
YASYVMFAVPKPKE-UHFFFAOYSA-N,Acephate,CHEMBL2133249,CHEBI:34520,Insecticide,,,
XCSGPAVHZFQHGE-UHFFFAOYSA-N,Alachlor,CHEMBL1414154,CHEBI:2533,Herbicide,,,
FUZORIOHZSVKAW-UHFFFAOYSA-N,Chlorbicyclen,CHEMBL1332823,CHEBI:82098,Insecticide,,,
RQVYBGPQFYCBGX-UHFFFAOYSA-N,Ametryn,CHEMBL1235774,CHEBI:22472,Herbicide,,,
IMIDOCRTMDIQIJ-UHFFFAOYSA-N,Aminocarb,CHEMBL1079605,CHEBI:2653,Insecticide,,,
PIVQQUNOTICCSA-UHFFFAOYSA-N,1-(1-Naphthyl)-2-thiourea,CHEMBL3182781,CHEBI:82256,,,,
VGPYEHKOIGNJKV-UHFFFAOYSA-N,Asulam,CHEMBL2137678,CHEBI:81696,Herbicide,,,
MXWJVTOOROXGIU-UHFFFAOYSA-N,Atrazine,CHEMBL15063,CHEBI:15930,Herbicide,,,
VNKBTWQZTQIWDV-UHFFFAOYSA-N,Azamethiphos,CHEMBL1867031,CHEBI:38578,Insecticide,,,
RQVGAIADHNPSME-UHFFFAOYSA-N,Azinphos-ethyl,CHEMBL1886341,CHEBI:38587,Insecticide,,,
CJJOSEISRRTUQB-UHFFFAOYSA-N,Azinphos-methyl,CHEMBL530115,CHEBI:2953,Insecticide,,,
YRPNARUMDDXFBW-UHFFFAOYSA-N,Aziprotryne,CHEMBL3185330,CHEBI:82221,Herbicide,,,
ONHBDDJJTDTLIR-UHFFFAOYSA-N,Azocyclotin,CHEMBL1623498,,Insecticide,,,
XEGGRYVFLWGFHI-UHFFFAOYSA-N,Bendiocarb,CHEMBL465018,CHEBI:34556,Insecticide,,,
LJOZMWRYMKECFF-UHFFFAOYSA-N,Benodanil,CHEMBL1357627,CHEBI:82052,Fungicide,,,
RIOXQFHNBCKOKP-UHFFFAOYSA-N,Benomyl,CHEMBL327919,CHEBI:3015,Fungicide,,,
VGPIBGGRCVEHQZ-UHFFFAOYSA-N,Bitertanol,CHEMBL1566634,CHEBI:83851,Fungicide,,,
CTSLUCNDVMMDHG-UHFFFAOYSA-N,Bromacil,,CHEBI:83658,Herbicide,,,
UPMXNNIRAGDFEH-UHFFFAOYSA-N,Bromoxynil,CHEMBL453905,CHEBI:17192,Herbicide,,,
DQKWXTIYGWPGOO-UHFFFAOYSA-N,Bromoxynil octanoate,CHEMBL1903970,,Herbicide,,,
FOANIXZHAMJWOI-UHFFFAOYSA-N,Bromopropylate,CHEMBL1867780,,Acaricide,,,
BMTAFVWTTFSTOG-UHFFFAOYSA-N,Butylate,CHEMBL1873329,CHEBI:34594,Herbicide,,,
VTIICEULKUFPJJ-UHFFFAOYSA-N,Captafol,CHEMBL1893263,CHEBI:81938,Fungicide,,,
TWFZGCMQGLPBSX-UHFFFAOYSA-N,Carbendazim,CHEMBL70971,CHEBI:3392,Fungicide,,,
AMRQXHFXNZFDCH-UHFFFAOYSA-N,Carbetamide,CHEMBL3185037,CHEBI:3394,Herbicide,,,
GYSSRZJIHXQEHQ-UHFFFAOYSA-N,Carboxin,CHEMBL1231667,CHEBI:3405,Fungicide,,,
FBQQHUGEACOBDN-UHFFFAOYSA-N,Chinomethionate,CHEMBL1595865,,Fungicide,,,
OJYGBLRPYBAHRT-UHFFFAOYSA-N,Chloralose,CHEMBL2104181,CHEBI:81902,Rodenticide,,,
RAPBNVDSDCTNRC-UHFFFAOYSA-N,Chlorobenzilate,CHEMBL539904,CHEBI:34626,Acaricide,,,
NLYNUTMZTCLNOO-UHFFFAOYSA-N,Chlorbromuron,CHEMBL1275654,CHEBI:3608,Herbicide,,,
LHHGDZSESBACKH-UHFFFAOYSA-N,Kepone,CHEMBL462576,CHEBI:16548,Insecticide,1,ESR1,DTXSID1020770
YJKIALIXRCSISK-UHFFFAOYSA-N,Chlorfenprop-methyl,,CHEBI:82236,,,,
RDYUJBOUMXIDPY-UHFFFAOYSA-N,"Methyl 2,2-dichloropropionate",,,Herbicide,,,
WYKYKTKDBLFHCY-UHFFFAOYSA-N,Chloridazon,CHEMBL1525705,CHEBI:81838,Herbicide,,,
IVUXTESCPZUGJC-UHFFFAOYSA-N,Chloroxuron,CHEMBL1568699,CHEBI:82200,Herbicide,,,
HRBKVYFZANMGRE-UHFFFAOYSA-N,Chlorpyrifos-methyl,CHEMBL1370646,CHEBI:34632,Insecticide,,,
NPOJQCVWMSKXDN-UHFFFAOYSA-N,Chlorthal-dimethyl,CHEMBL1888079,CHEBI:34664,,,,
KGKGSIUWJCAFPX-UHFFFAOYSA-N,Chlorthiamid,CHEMBL3188781,CHEBI:949,Herbicide,,,
JXCGFZXSOMJFOA-UHFFFAOYSA-N,Chlorotoluron,CHEMBL1900581,CHEBI:81981,Herbicide,,,
DEKWZWCFHUABHE-UHFFFAOYSA-N,Coumachlor,CHEMBL1272169,CHEBI:80741,Rodenticide,,,
KIGBUEKEZHTCDR-UHFFFAOYSA-N,Coumatetralyl,CHEMBL3184636,CHEBI:80742,Rodenticide,,,
MZZBPDKVEFVLFF-UHFFFAOYSA-N,Cyanazine,CHEMBL1884229,CHEBI:38069,Herbicide,,,
DFCAFRGABIXSDS-UHFFFAOYSA-N,Cycloate,CHEMBL1889969,CHEBI:81955,Herbicide,,,
DQZCVNGCTZLGAQ-UHFFFAOYSA-N,Cycluron,CHEMBL1879112,CHEBI:82231,Herbicide,,,
HWIGZMADSFQMOI-UHFFFAOYSA-N,"2,4-D-methyl",CHEMBL1327631,,Herbicide,,,
QAYICIQNSGETAS-UHFFFAOYSA-N,Dazomet,CHEMBL1407826,CHEBI:75212,Insecticide,,,
YIVXMZJTEQBPQO-UHFFFAOYSA-N,"2,4-Dichlorophenoxybutyric acid",CHEMBL1892377,CHEBI:73173,Herbicide,,,
OWZREIFADZCYQD-UHFFFAOYSA-N,Deltamethrin,CHEMBL1593566,,Insecticide,,,
PZIRJMYRYORVIT-UHFFFAOYSA-N,Demeton-S-methylsulphon,CHEMBL1315891,CHEBI:82118,,,,
WZJZMXBKUWKXTQ-UHFFFAOYSA-N,Desmedipham,CHEMBL16024,CHEBI:81733,Herbicide,,,
HCRWJJJUKUVORR-UHFFFAOYSA-N,Desmetryn,,CHEBI:82222,Herbicide,,,
BUYMVQAILCEWRR-UHFFFAOYSA-N,Naled,CHEMBL1887067,,,,,
IWEDIXLBFLAXBO-UHFFFAOYSA-N,Dicamba,CHEMBL476936,CHEBI:81856,Herbicide,,,
YOYAIZYFCNQIRF-UHFFFAOYSA-N,Dichlobenil,CHEMBL3039332,CHEBI:82315,Herbicide,,,
WGOWCPGHOCIHBW-UHFFFAOYSA-N,Dichlofenthion,CHEMBL1396626,CHEBI:81730,Insecticide,,,
WURGXGVFSMYFCG-UHFFFAOYSA-N,Dichlofluanid,CHEMBL1269177,CHEBI:74875,Fungicide,,,
SVPKNMBRVBMTLB-UHFFFAOYSA-N,Dichlone,CHEMBL318782,,Herbicide,,,
BIXZHMJUSMUDOQ-UHFFFAOYSA-N,Dicloran,CHEMBL504381,CHEBI:27864,Fungicide,,,
SCHCPDWDIOTCMJ-UHFFFAOYSA-N,"DICHLOROPROP-METHYL ESTER PESTANAL,(MET&",,,Herbicide,,,
BACHBFVBHLGWSL-UHFFFAOYSA-N,"Methyl (RS)-2-[4-(2,4-dichlorophenoxy)phenoxy]propionate",CHEMBL34474,CHEBI:4510,Herbicide,,,
LWLJUMBEZJHXHV-UHFFFAOYSA-N,Dienochlor,CHEMBL1355965,CHEBI:81753,Acaricide,,,
AMVYOVYGIJXTQB-UHFFFAOYSA-N,Difenoxuron,,CHEBI:82201,Herbicide,,,
SCCDDNKJYDZXMM-UHFFFAOYSA-N,Dimethachlor,CHEMBL1374401,CHEBI:81911,Herbicide,,,
IKYICRRUVNIHPP-UHFFFAOYSA-N,Dimethametryn,CHEMBL3185273,CHEBI:81813,Herbicide,,,
MCWXGJITAZMZEV-UHFFFAOYSA-N,Dimethoate,CHEMBL1569524,,Insecticide,,,
RDBIYWSVMRVKSG-UHFFFAOYSA-N,Dimetilan,CHEMBL3183014,,Insecticide,,,
HDWLUGYOLUHEMN-UHFFFAOYSA-N,Dinobuton,CHEMBL1358468,CHEBI:81914,Fungicide,,,
NIOPZPCMRQGZCE-UHFFFAOYSA-N,Dinocap,CHEMBL3187371,,Fungicide,,,
OWZPCEFYPSAJFR-UHFFFAOYSA-N,Dinoseb,CHEMBL1892987,CHEBI:83632,Herbicide,,,
QAHFOPIILNICLA-UHFFFAOYSA-N,Diphenamid,CHEMBL2252192,CHEBI:81915,Herbicide,,,
DMBHHRLKUKUOEG-UHFFFAOYSA-N,Diphenylamine,CHEMBL296021,CHEBI:81859,,,,
KZTYYGOKRVBIMI-UHFFFAOYSA-N,Diphenylsulfone,CHEMBL263327,CHEBI:78360,,,,
NPWMZOGDXOFZIN-UHFFFAOYSA-N,Dipropetryn,,CHEBI:82223,Herbicide,,,
DOFZAZXDOSGAJZ-UHFFFAOYSA-N,Disulfoton,CHEMBL1332314,CHEBI:38661,Insecticide,,,
DOFZAZXDOSGAJZ-UHFFFAOYSA-N,Disulfoton,CHEMBL1332314,CHEBI:38661,Insecticide,,,
PYZSVQVRHDXQSL-UHFFFAOYSA-N,Dithianon,CHEMBL2228641,CHEBI:81842,Fungicide,,,
XMTQQYYKAHVGBJ-UHFFFAOYSA-N,Diuron,CHEMBL278489,CHEBI:116509,Herbicide,,,
ZXVONLUNISGICL-UHFFFAOYSA-N,"2-Methyl-4,6-dinitrophenol",CHEMBL419564,,Herbicide,,,
JMXKCYUTURMERF-UHFFFAOYSA-N,Dodemorph,,CHEBI:81960,Fungicide,,,
AWZOLILCOUMRDG-UHFFFAOYSA-N,Edifenphos,CHEMBL1671900,CHEBI:34735,Fungicide,,,
RDYMFSUJUZBWLH-UHFFFAOYSA-N,Endosulfan I,CHEMBL194399,,Insecticide,,,
RDYMFSUJUZBWLH-UHFFFAOYSA-N,Endosulfan I,CHEMBL194399,,Insecticide,,,
GUVLYNGULCJVDO-UHFFFAOYSA-N,EPTC,CHEMBL1371350,CHEBI:4738,Herbicide,,,
DWRKFAJEBUWTQM-UHFFFAOYSA-N,"ETACONAZOL PESTANAL, 250 MG",CHEMBL270271,CHEBI:4874,Fungicide,,,
PTFJIKYUEPWBMS-UHFFFAOYSA-N,"N-Ethyl-N-(2-methyl-2-propenyl)-2,6-dinitro-4-(trifluoromethyl)benzenamine",CHEMBL1256703,CHEBI:81988,Herbicide,,,
WQTKIAZGBFBCLS-UHFFFAOYSA-N,Ethephon,CHEMBL1895474,CHEBI:52741,Plant Growth Regulator,,,
KCOCSOWTADCKOL-UHFFFAOYSA-N,Ethidimuron,,CHEBI:82214,Herbicide,,,
HEZNVIYQEUHLNI-UHFFFAOYSA-N,Ethiofencarb,CHEMBL493480,CHEBI:38483,Insecticide,,,
WARIWGPBHKPYON-UHFFFAOYSA-N,Ethiolate,CHEMBL3186553,CHEBI:82217,Herbicide,,,
RIZMRRKBZQXFOY-UHFFFAOYSA-N,Ethion,CHEMBL1713417,CHEBI:38663,Insecticide,,,
IRCMYGHHKLLGHV-UHFFFAOYSA-N,Ethofumesate,CHEMBL2133153,CHEBI:83768,Herbicide,,,
FGIWFCGDPUIBEZ-UHFFFAOYSA-N,Etrimfos,CHEMBL1316772,CHEBI:82124,Insecticide,,,
ZCJPOPBZHLUFHF-UHFFFAOYSA-N,Fenamiphos,CHEMBL1313005,CHEBI:38680,Insecticide,,,
NHOWDZOIZKMVAI-UHFFFAOYSA-N,Fenarimol,CHEMBL28971,CHEBI:83686,Fungicide,,,
JFSPBVWPKOEZCB-UHFFFAOYSA-N,Fenfuram,CHEMBL1862959,CHEBI:81994,Fungicide,,,
ZNOLGFHPUIJIMJ-UHFFFAOYSA-N,Fenitrothion,CHEMBL347698,CHEBI:34757,Insecticide,,,
DIRFUJHNVNOBMY-UHFFFAOYSA-N,Fenobucarb,CHEMBL226650,CHEBI:34304,Insecticide,,,
SPJOZZSIXXJYBT-UHFFFAOYSA-N,Fenson,CHEMBL1495617,CHEBI:82160,Acaricide,,,
GCKLGRUZDXSATG-UHFFFAOYSA-N,"1,3,5-Triazin-2(1H)-one, 4-amino-6-((1-methylethyl)amino)-",,CHEBI:83463,Insecticide,,,
NJVOZLGKTAPUTQ-UHFFFAOYSA-M,Triphenyltin chloride,,CHEBI:35036,Fungicide,,,
XBRCDWHXULVEFB-UHFFFAOYSA-N,Triphenyltin hydroxide,,,Fungicide,,,
XXOYNJXVWVNOOJ-UHFFFAOYSA-N,Fenuron,CHEMBL1492698,CHEBI:5013,Herbicide,,,
NYPJDWWKZLNGGM-UHFFFAOYSA-N,Fenvalerate,CHEMBL492491,,Insecticide,,,
IZFZCMFMJKDHJZ-UHFFFAOYSA-N,Flubenzimine,,CHEBI:82169,,,,
MNFMIVVPXOGUMX-UHFFFAOYSA-N,Fluchloralin,CHEMBL1256704,CHEBI:81919,Herbicide,,,
PWNAWOCHVWERAR-UHFFFAOYSA-N,Flumetralin,CHEMBL1863540,CHEBI:82008,,,,
RZILCCPWPBTYDO-UHFFFAOYSA-N,Fluometuron,CHEMBL1569926,CHEBI:82012,Herbicide,,,
HHMCAJWVGYGUEF-UHFFFAOYSA-N,Fluorodifen,CHEMBL1892429,CHEBI:5116,Herbicide,,,
LXMQMMSGERCRSU-UHFFFAOYSA-N,"1-(3-Trifluoromethyltrityl)-1H-1,2,4-triazole",,CHEBI:82080,Fungicide,,,
YWBVHLJPRPCRSD-UHFFFAOYSA-N,1-Methyl-3-phenyl-5-(3-(trifluoromethyl)phenyl)-4-pyridone,CHEMBL1887342,CHEBI:82016,Herbicide,,,
UYJUZNLFJAWNEZ-UHFFFAOYSA-N,Fuberidazole,CHEMBL201094,CHEBI:81926,Fungicide,,,
CIEXPHRYOLIQQD-UHFFFAOYSA-N,Furalaxyl,CHEMBL3183557,CHEBI:82787,Fungicide,,,
HAWJXYBZNNRMNO-UHFFFAOYSA-N,Furathiocarb,CHEMBL1551453,CHEBI:38504,Insecticide,,,
OZFAFGSSMRRTDW-UHFFFAOYSA-N,"2,4-Dichlorophenyl benzenesulfonate",CHEMBL3184811,,Acaricide,,,
DARPLALAALCFOM-UHFFFAOYSA-N,Glyphosate,CHEMBL95764,CHEBI:27744,Herbicide,,,
CKAPSXZOOQJIBF-UHFFFAOYSA-N,Hexachlorobenzene,CHEMBL228514,CHEBI:5692,Chemical,,,
LLEMOWNGBBNAJR-UHFFFAOYSA-N,2-Phenylphenol,CHEMBL108829,CHEBI:17043,Fungicide,,,
PDQAZBWRQCGBEV-UHFFFAOYSA-N,Ethylene thiourea,CHEMBL11860,CHEBI:34750,,,,
QBSJMKIUCUGGNG-UHFFFAOYSA-N,Isoprocarb,CHEMBL2251586,CHEBI:38505,Insecticide,,,
LFVLUOAHQIVABZ-UHFFFAOYSA-N,Iodenphos,CHEMBL2106359,CHEBI:82136,Insecticide,,,
OWNAXTAAAQTBSP-UHFFFAOYSA-N,Karbutilate,CHEMBL2252176,CHEBI:81743,,,,
BGRDGMRNKXEXQD-UHFFFAOYSA-N,Maleic hydrazide,CHEMBL1489913,CHEBI:81771,,,,
AWYFNIZYMPNGAI-UHFFFAOYSA-N,Maneb,,,Fungicide,,,
WHKUVVPPKQRRBV-UHFFFAOYSA-N,MCPA,CHEMBL394657,CHEBI:50099,Plant growth regulator,,,
NTAHCMPOMKHKEU-UHFFFAOYSA-N,Methacrifos,,CHEBI:81932,,,,
LGDSHSYDSCRFAB-UHFFFAOYSA-N,Methyl isothiocyanate,CHEMBL396000,CHEBI:78337,,,,
LKJPSUCKSLORMF-UHFFFAOYSA-N,Monolinuron,CHEMBL1320234,CHEBI:81965,Herbicide,,,
LCCNCVORNKJIRZ-UHFFFAOYSA-N,Parathion,CHEMBL261919,CHEBI:27928,Insecticide,,,
MASBWURJQFFLOO-UHFFFAOYSA-N,"1,3,5-Triazin-2(1H)-one, 4,6-diamino-",,CHEBI:28646,Herbicide,,,
QFMDFTQOJHFVNR-UHFFFAOYSA-N,"p,p'-Ethyl-DDD",CHEMBL551883,,Insecticide,,,
RGCLLPNLLBQHPF-UHFFFAOYSA-N,Phosphamidon,CHEMBL1892391,,Insecticide,,,
YFGYUFNIOHWBOB-UHFFFAOYSA-N,Pirimicarb,CHEMBL1870931,CHEBI:8248,Insecticide,,,
TZBPRYIIJAJUOY-UHFFFAOYSA-N,Pirimiphos-ethyl,CHEMBL1315977,CHEBI:82146,Insecticide,,,
TVLSRXXIMLFWEO-UHFFFAOYSA-N,Prochloraz,CHEMBL522782,CHEBI:8434,Fungicide,,,
QYMMJNLHFKGANY-UHFFFAOYSA-N,Profenofos,CHEMBL2138242,,Insecticide,,,
ITVQAKZNYJEWKS-UHFFFAOYSA-N,Profluralin,CHEMBL1256764,CHEBI:82191,Herbicide,,,
DTAPQAJKAFRNJB-UHFFFAOYSA-N,Promecarb,CHEMBL1076537,CHEBI:82096,Insecticide,,,
ISEUFVQQFVOBCY-UHFFFAOYSA-N,Prometon,CHEMBL1486524,CHEBI:34934,Herbicide,,,
AAEVYOVXGOFMJO-UHFFFAOYSA-N,Prometryn,CHEMBL1880257,CHEBI:26276,Herbicide,,,
MFOUDYKPLGXPGO-UHFFFAOYSA-N,Propachlor,CHEMBL1394829,CHEBI:19503,Herbicide,,,
WZZLDXDUQPOXNW-UHFFFAOYSA-N,Propamocarb,CHEMBL1907431,CHEBI:82033,Fungicide,,,
LFULEKSKNZEWOE-UHFFFAOYSA-N,Propanil,CHEMBL1222498,CHEBI:34936,Herbicide,,,
WJNRPILHGGKWCK-UHFFFAOYSA-N,Propazine,CHEMBL1333189,CHEBI:38067,Herbicide,,,
VXPLXMJHHKHSOA-UHFFFAOYSA-N,Propham,CHEMBL1080996,CHEBI:82035,Herbicide,,,
STJLVHWMYQXCPB-UHFFFAOYSA-N,Propiconazole,CHEMBL560579,CHEBI:8489,Fungicide,,,
IJIHYLHFNAWUGR-UHFFFAOYSA-N,Propineb,,CHEBI:81755,Fungicide,,,
PHNUZKMIPFFYSO-UHFFFAOYSA-N,Propyzamide,CHEMBL283487,CHEBI:34935,,,,
RVUAOAREEJAWAM-UHFFFAOYSA-N,"3,4-Dihydro-6-methyl-N-phenyl-2H-pyran-5-carboxamide",,CHEBI:82057,,,,
XRJLAOUDSILTFT-UHFFFAOYSA-N,Pyroquilon,CHEMBL144366,CHEBI:45141,Fungicide,,,
JYQUHIFYBATCCY-UHFFFAOYSA-N,Quinalphos,CHEMBL1893890,,Insecticide,,,
LKPLKUMXSAEKID-UHFFFAOYSA-N,Pentachloronitrobenzene,CHEMBL468759,CHEBI:34908,Fungicide,,,
VEMKTZHHVJILDY-UHFFFAOYSA-N,Resmethrin,CHEMBL1879822,,Insecticide,,,
LNJXZKBHJZAIKQ-UHFFFAOYSA-N,"Bis(2,3,3,3-tetrachloropropyl) ether",,,Insecticide,,,
ZJMZZNVGNSWOOM-UHFFFAOYSA-N,Secbumeton,CHEMBL1894841,CHEBI:83786,Herbicide,,,
MGLWZSOBALDPEK-UHFFFAOYSA-N,Simetryn,CHEMBL1888800,CHEBI:34976,Herbicide,,,
,Strychnine,CHEMBL227934,CHEBI:28973,Rodenticide,,,
NHZLNPMOSADWGC-UHFFFAOYSA-N,Sulfaquinoxaline,CHEMBL1437847,,,,,
XIUROWKZWPIAIB-UHFFFAOYSA-N,Sulfotepp,CHEMBL3182477,,Insecticide,,,
JXHJNEJVUNHLKO-UHFFFAOYSA-N,Sulprofos,CHEMBL3184587,,Insecticide,,,
WOZQBERUBLYCEG-UHFFFAOYSA-N,Swep,CHEMBL1573885,CHEBI:82188,Herbicide,,,
SMYMJHWAQXWPDB-UHFFFAOYSA-N,"2,4,5-Trichlorophenoxyacetic acid",CHEMBL194458,,Herbicide,,,
JUCNGUOYQGHBJC-UHFFFAOYSA-N,"2,4,5-T-methyl [ISO]",CHEMBL1398384,,Herbicide,,,
HBPDKDSFLXWOAE-UHFFFAOYSA-N,Tebuthiuron,CHEMBL1457493,CHEBI:81745,Herbicide,,,
XQTLDIFVVHJORV-UHFFFAOYSA-N,"2,3,5,6-Tetrachloronitrobenzene",CHEMBL468759,CHEBI:82044,Fungicide,,,
IROINLKCQGIITA-UHFFFAOYSA-N,Terbutryn,CHEMBL1234490,,Herbicide,,,
FZXISNSWEXTPMF-UHFFFAOYSA-N,Terbutylazine,CHEMBL1888237,CHEBI:30263,Herbicide,,,
FZXISNSWEXTPMF-UHFFFAOYSA-N,Terbutylazine,CHEMBL1888237,CHEBI:30263,Herbicide,,,
MLGCXEBRWGEOQX-UHFFFAOYSA-N,Tetradifon,CHEMBL437926,,Insecticide,,,
PSCVLNFDNYRVCQ-UHFFFAOYSA-N,Tetramethrin,CHEMBL1788386,,Insecticide,,,
OVAUYSRLAYJFPH-UHFFFAOYSA-N,Thidiazuron,CHEMBL505661,CHEBI:81977,Herbicide,,,
QHTQREMOGMZHJV-UHFFFAOYSA-N,Thiobencarb,CHEMBL388559,CHEBI:35011,Herbicide,,,
ZLSWBLPERHFHIS-UHFFFAOYSA-N,"2-(2,4,5-Trichlorophenoxy)propionic acid",CHEMBL460296,CHEBI:34758,Herbicide,,,
YTAXYXOJOYIQQO-UHFFFAOYSA-N,"2,4,5-TP-METHYL ESTER PESTANAL, 250 MG",,,Herbicide,,,
BAZVSMNPJJMILC-UHFFFAOYSA-N,erythro-Triadimenol,,,Fungicide,,,
MWBPRDONLNQCFV-UHFFFAOYSA-N,Tri-allate,CHEMBL1884767,CHEBI:81978,Herbicide,,,
AMFGTOFWMRQMEM-UHFFFAOYSA-N,Triazophos,CHEMBL1553726,,Insecticide,,,
RROQIUMZODEXOR-UHFFFAOYSA-N,Triforine,CHEMBL453418,CHEBI:9715,Fungicide,,,
OKUGPJPKMAEJOE-UHFFFAOYSA-N,Vernolate,CHEMBL1865907,CHEBI:82219,Herbicide,,,
FSCWZHGZWWDELK-UHFFFAOYSA-N,Vinclozolin,CHEMBL513221,CHEBI:83732,Fungicide,,,
AWYFNIZYMPNGAI-UHFFFAOYSA-N,Zineb,CHEMBL1411246,CHEBI:77308,Fungicide,,,
MZGNSEAPZQGJRB-UHFFFAOYSA-N,Ziram,CHEMBL1519327,CHEBI:79736,Fungicide,,,
MNELUOHPQMJXGU-UHFFFAOYSA-N,"2,4,5-T 2-Ethylhexyl",CHEMBL3184920,,Herbicide,,,
KIIVFWSIMRWBKW-UHFFFAOYSA-N,"Isobutyl (2,4,5-trichlorophenoxy)acetate",CHEMBL1404169,,Herbicide,,,
VXWISAHTAQYMSH-UHFFFAOYSA-N,"Octyl (2,4,5-trichlorophenoxy)acetate",CHEMBL2071544,,Herbicide,,,
RCTCYOQIGNPQJH-UHFFFAOYSA-N,Butocarboxim sulfoxide,CHEMBL480471,,Insecticide,,,
SVOAUHHKPGKPQK-UHFFFAOYSA-N,Chlorflurecol,CHEMBL1904254,,,,,
RJBJMKAMQIOAML-UHFFFAOYSA-N,Methiocarb sulfone,,,Insecticide,,,
UQMRAFJOBWOFNS-UHFFFAOYSA-N,"2,4-D Butyl ester",CHEMBL1446511,,Herbicide,,,
CKPCAYZTYMHQEX-UHFFFAOYSA-N,Pyrifenox,CHEMBL1863315,CHEBI:81972,Fungicide,,,
WYEHFWKAOXOVJD-UHFFFAOYSA-N,Diflufenican,CHEMBL1425995,CHEBI:81824,Herbicide,,,
IKVXBIIHQGXQRQ-UHFFFAOYSA-N,L-Flamprop-isopropyl,CHEMBL1699726,,Herbicide,,,
IKVXBIIHQGXQRQ-UHFFFAOYSA-N,L-Flamprop-isopropyl,CHEMBL1699726,,Herbicide,,,
FQKUGOMFVDPBIZ-UHFFFAOYSA-N,Flusilazole,CHEMBL1900522,CHEBI:81922,Fungicide,,,
MEFQWPUMEMWTJP-UHFFFAOYSA-N,Fluroxypyr,CHEMBL1895005,CHEBI:82017,Herbicide,,,
XRQHTUDGPWMPKX-UHFFFAOYSA-N,Phorate sulfoxide,,,Insecticide,,,
GAUZCKBSTZFWCT-UHFFFAOYSA-N,Azoxybenzene,CHEMBL1442921,CHEBI:51865,,,,
DQJCHOQLCLEDLL-UHFFFAOYSA-N,"2,7,8,9-Tricyclazole",CHEMBL357021,CHEBI:81783,Fungicide,,,
IOPTXXRNXCPJGO-UHFFFAOYSA-N,2-[(Ethanesulfonyl)methyl]phenyl hydrogen methylcarbonimidate,,,Insecticide,,,
OMOLDRXZKFFGJI-UHFFFAOYSA-N,2-[(Ethanesulfinyl)methyl]phenyl hydrogen methylcarbonimidate,,,Insecticide,,,
FCOAHACKGGIURQ-UHFFFAOYSA-N,Iprobenfos,CHEMBL388384,CHEBI:79737,,,,
LOOAGTDYKNUDBZ-UHFFFAOYSA-N,"Phosphoric acid, 2-bromo-1-(2,4-dichlorophenyl)ethenyl dimethyl ester",,,Insecticide,,,
ORDKAVSHIKNMAN-UHFFFAOYSA-N,Bromfenvinphos,,,Insecticide,,,
BKVJOVPVLOJPKJ-UHFFFAOYSA-N,Disulfoton sulfone,,,Insecticide,,,
RLYCRLGLCUXUPO-UHFFFAOYSA-N,"2,6-Toluenediamine",CHEMBL1489438,CHEBI:76288,Chemical,,,
WDCYWAQPCXBPJA-UHFFFAOYSA-N,"1,3-Dinitrobenzene",CHEMBL114070,CHEBI:51397,Chemical,,,
PFJJMJDEVDLPNE-UHFFFAOYSA-N,"2,2-Dichloro-1-(3-methyl-2,3-dihydro-4H-1,4-benzoxazin-4-yl)ethanone",CHEMBL2269059,CHEBI:3016,Herbicide,,,
NRFQZTCQAYEXEE-UHFFFAOYSA-N,"4,6-Dichloro-2-phenylpyrimidine",CHEMBL2447919,CHEBI:81993,,,,
UNLYSVIDNRIVFJ-UHFFFAOYSA-N,Piperophos,,CHEBI:81940,Herbicide,,,
KHCZSJXTDDHLGJ-UHFFFAOYSA-N,Pentachloroaniline,CHEMBL1904605,,Chemical,,,
VLCQZHSMCYCDJL-UHFFFAOYSA-N,Tribenuron-methyl,CHEMBL1229780,CHEBI:9678,Herbicide,,,
GBDZXPJXOMHESU-UHFFFAOYSA-N,"1,2,3,4-Tetrachlorobenzene",CHEMBL46422,CHEBI:18855,Chemical,,,
MGNFYQILYYYUBS-UHFFFAOYSA-N,Fenpropidin,CHEMBL1889041,CHEBI:83291,Fungicide,,,
OYTCZOJKXCTBHG-UHFFFAOYSA-N,"1,3,5-Triazin-2(1H)-one, 4-((1,1-dimethylethyl)amino)-6-(ethylamino)-",,CHEBI:83471,Herbicide,,,
ZDHYERRNXRANLI-UHFFFAOYSA-N,Fenthion sulfone,,,Insecticide,,,
QNBTYORWCCMPQP-UHFFFAOYSA-N,Dimethomorph,CHEMBL1870371,CHEBI:81848,Fungicide,,,
AHTPATJNIAFOLR-UHFFFAOYSA-N,Thifensulfuron methyl,CHEMBL1904815,CHEBI:83453,Herbicide,,,
YVPSNUIHHFTTRL-UHFFFAOYSA-N,Phorate sulfone,,,Insecticide,,,
HWBAOLWSMWCAPA-UHFFFAOYSA-N,p-Chlorobenzyl-p-chlorophenyl sulfoxide,,,Acaricide,,,
IUZFQERQUZLNKQ-UHFFFAOYSA-N,Bromadiolone,CHEMBL1165553,CHEBI:81855,Rodenticide,,,
LNDUTAIPEYOCDF-UHFFFAOYSA-N,Brodifacoum,CHEMBL233451,CHEBI:81892,Rodenticide,,,
FJDPATXIBIBRIM-UHFFFAOYSA-N,Cyphenothrin,CHEMBL3182113,,Insecticide,,,
RMOGWMIKYWRTKW-UHFFFAOYSA-N,"PACLOBUTRAZOL MIXTURE OF STEREO ISOMERS,",,,Fungicide,,,
DWFZBUWUXWZWKD-UHFFFAOYSA-N,Pyridaben,CHEMBL225963,CHEBI:38626,Insecticide,,,
FBOUIAKEJMZPQG-UHFFFAOYSA-N,Diclopentezol,CHEMBL135386,CHEBI:83909,Plant growth regulator,,,
UFNOUKDBUJZYDE-UHFFFAOYSA-N,Cyproconazole,CHEMBL2131954,CHEBI:83748,Fungicide,,,
JPMIIZHYYWMHDT-UHFFFAOYSA-N,Octhilinone,CHEMBL1562104,CHEBI:81936,Fungicide,,,
MUJOIMFVNIBMKC-UHFFFAOYSA-N,Fludioxonil,CHEMBL485833,CHEBI:81763,Fungicide,,,
HDHLIWCXDDZUFH-UHFFFAOYSA-N,Cybutryne,CHEMBL3185551,CHEBI:5962,Insecticide,,,
YOWNVPAUWYHLQX-UHFFFAOYSA-N,Fluazuron,CHEMBL1164608,,Insecticide,,,
DDVNRFNDOPPVQJ-UHFFFAOYSA-N,Transfluthrin,CHEMBL3184657,CHEBI:32253,Insecticide,,,
QHMTXANCGGJZRX-UHFFFAOYSA-N,Pymetrozine,CHEMBL1906026,,Insecticide,,,
KIEDNEWSYUYDSN-UHFFFAOYSA-N,Clomazone,CHEMBL1076356,CHEBI:3751,Herbicide,,,
BAZVSMNPJJMILC-UHFFFAOYSA-N,Triadimenol,CHEMBL520275,CHEBI:9666,Fungicide,,,
OWDLFBLNMPCXSD-UHFFFAOYSA-N,Ofurace,,CHEBI:82792,Herbicide,,,
BAFQDKPJKOLXFZ-UHFFFAOYSA-N,Methylparaoxon,CHEMBL26115,,Insecticide,,,
NYPJDWWKZLNGGM-UHFFFAOYSA-N,Esfenvalerate,CHEMBL492491,,Insecticide,,,
SCKHCCSZFPSHGR-UHFFFAOYSA-N,Cyanophos,CHEMBL2271089,CHEBI:38621,Insecticide,,,
LXUQNVQZFJLROQ-UHFFFAOYSA-N,Flurtamone,CHEMBL1863061,,Herbicide,,,
LVNYJXIBJFXIRZ-UHFFFAOYSA-N,Fenamiphos sulfone,CHEMBL3186568,,Insecticide,,,
LUQMWGMGWJEGAT-UHFFFAOYSA-N,Fenamiphos sulfoxide,CHEMBL1904448,,Insecticide,,,
INISTDXBRIBGOC-UHFFFAOYSA-N,tau-Fluvalinate,CHEMBL1895592,,Insecticide,,,
UWVKRNOCDUPIDM-UHFFFAOYSA-N,Ethoxysulfuron,CHEMBL2313153,CHEBI:81748,Herbicide,,,
IJJVMEJXYNJXOJ-UHFFFAOYSA-N,Fluquinconazole,CHEMBL481473,CHEBI:83923,Fungicide,,,
OPGCOAPTHCZZIW-UHFFFAOYSA-N,Mefenpyr-diethyl,CHEMBL1895160,,,,,
VGHPMIFEKOFHHQ-UHFFFAOYSA-N,Metosulam,CHEMBL2288020,CHEBI:82024,Herbicide,,,
PQTBTIFWAXVEPB-UHFFFAOYSA-N,Sulcotrione,CHEMBL2252422,CHEBI:83465,Herbicide,,,
BGNQYGRXEXDAIQ-UHFFFAOYSA-N,Pyrazosulfuron-ethyl,CHEMBL1340793,CHEBI:28738,Herbicide,,,
BGZZWXTVIYUUEY-UHFFFAOYSA-N,Fomesafen,CHEMBL1898629,CHEBI:81925,Herbicide,,,
LHTJZXMWYGUVJS-UHFFFAOYSA-N,Tepraloxydim,CHEMBL109653,CHEBI:81816,Herbicide,,,
NOTKAAPAVYTLIY-UHFFFAOYSA-N,Cinidon-ethyl,,CHEBI:63927,Herbicide,,,
PKTIFYGCWCQRSX-UHFFFAOYSA-N,Dicyclanil,,,Insecticide,,,
GEPDYQSQVLXLEU-UHFFFAOYSA-N,(E)-Mevinphos,CHEMBL3183004,,Insecticide,,,
OSUHJPCHFDQAIT-UHFFFAOYSA-N,Quizalofop-ethyl,CHEMBL444825,CHEBI:81807,Herbicide,,,
RJPIVKNASIYGLI-UHFFFAOYSA-N,Acrinathrin,CHEMBL2287507,,Insecticide,,,
IOXAXYHXMLCCJJ-UHFFFAOYSA-N,Oxasulfuron,CHEMBL1903152,,Herbicide,,,
YXWCBRDRVXHABN-UHFFFAOYSA-N,Flumethrin,CHEMBL2107248,,Insecticide,,,
FYQGBXGJFWXIPP-UHFFFAOYSA-N,(7S)-Hydroprene,CHEMBL3184228,,Insecticide,,,
RSMUVYRMZCOLBH-UHFFFAOYSA-N,Metsulfuron-methyl,CHEMBL1229749,CHEBI:39678,Herbicide,,,
OYIKARCXOQLFHF-UHFFFAOYSA-N,Isoxaflutole,CHEMBL1887147,,Herbicide,,,
ZZYSLNWGKKDOML-UHFFFAOYSA-N,Tebufenpyrad,CHEMBL1897070,CHEBI:9422,Insecticide,,,
WRPIRSINYZBGPK-UHFFFAOYSA-N,Quinoxyfen,CHEMBL1869863,CHEBI:82040,Fungicide,,,
PUYXTUJWRLOUCW-UHFFFAOYSA-N,Spiroxamine,CHEMBL445338,CHEBI:9242,Fungicide,,,
ONCZDRURRATYFI-UHFFFAOYSA-N,Trifloxystrobin,CHEMBL1897483,CHEBI:81833,Fungicide,,,
IGOWHGRNPLFNDJ-UHFFFAOYSA-N,cis-Tricos-9-ene,CHEMBL1894305,,,,,
HIIRDDUVRXCDBN-UHFFFAOYSA-N,Metominostrobin,CHEMBL2253170,CHEBI:81831,Fungicide,,,
LTYMSROWYAPPGB-UHFFFAOYSA-N,Diphenyl sulfide,CHEMBL219876,,,,,
GOCUAJYOYBLQRH-UHFFFAOYSA-N,Haloxyfop,CHEMBL223593,CHEBI:365,Herbicide,,,
WNTGYJSOUMFZEP-UHFFFAOYSA-N,(R)-Mecoprop,CHEMBL272942,CHEBI:75703,Plant growth regulator,,,
WOSNCVAPUOFXEH-UHFFFAOYSA-N,Thifluzamide,,CHEBI:81794,Fungicide,,,
IUFUITYPUYMIHI-UHFFFAOYSA-N,Triaziflam,,,Herbicide,,,
FMINYZXVCTYSNY-UHFFFAOYSA-N,Methyldymron,,CHEBI:81963,Herbicide,,,
MPPOHAUSNPTFAJ-UHFFFAOYSA-N,Fenoxaprop-P,CHEMBL421035,,Herbicide,,,
OOLBCHYXZDXLDS-UHFFFAOYSA-N,Diclofop,CHEMBL2288781,CHEBI:81909,Herbicide,,,
OKIBNKKYNPBDRS-UHFFFAOYSA-N,Mefluidide,,CHEBI:81930,Herbicide,,,
WZDDLAZXUYIVMU-UHFFFAOYSA-N,Bromobutide,,CHEBI:34590,Herbicide,,,
YNKFZRGTXAPYFD-UHFFFAOYSA-N,Bistrifluron,,,Insecticide,,,
CJPQIRJHIZUAQP-UHFFFAOYSA-N,Benalaxyl-M,CHEMBL2286691,CHEBI:82779,Fungicide,,,
VAIZTNZGPYBOGF-UHFFFAOYSA-N,Fluazifop-butyl,CHEMBL449397,CHEBI:5097,Herbicide,,,
CNKHSLKYRMDDNQ-UHFFFAOYSA-N,Halofenozide,CHEMBL226969,CHEBI:38451,Insecticide,,,
UAWMVMPAYRWUFX-UHFFFAOYSA-N,6-Chloronicotinic acid,CHEMBL1723657,,,,,
NKNFWVNSBIXGLL-UHFFFAOYSA-N,Triazamate,,CHEBI:38576,Insecticide,,,
NRZWYNLTFLDQQX-UHFFFAOYSA-N,4-(2-Methylbutan-2-yl)phenol,CHEMBL195693,CHEBI:35096,Chemical,,,
YXVFYQXJAXKLAK-UHFFFAOYSA-N,4-Phenylphenol,CHEMBL73380,CHEBI:34422,Fungicide,,,
ZMXDDKWLCZADIW-UHFFFAOYSA-N,"N,N-Dimethylformamide",CHEMBL268291,CHEBI:17741,,,,
LOXCNVOJGRNBFX-UHFFFAOYSA-N,N-Desmethylthiamethoxam,CHEMBL2269822,,Insecticide,,,
SDMSCIWHRZJSRN-UHFFFAOYSA-N,Isoxathion,CHEMBL3182191,,Insecticide,,,
UFHLMYOGRXOCSL-UHFFFAOYSA-N,Isoprothiolane,CHEMBL35280,CHEBI:6047,Fungicide,,,
BODFAEGPBRYBJX-UHFFFAOYSA-N,SAFLUFENACIL METABOLITE M800H35,,,Herbicide,,,
ICWUMLXQKFTJMH-UHFFFAOYSA-N,Etobenzanid,,CHEBI:81790,Herbicide,,,
WYFKZPLSYVJLRB-UHFFFAOYSA-N,"3-Pyridinecarboxamide, 2-(aminosulfonyl)-N,N-dimethyl-",,,,,,
MDQKYGOECVSPIW-UHFFFAOYSA-N,"4-Hydroxy-2,5,6-trichloroisophthalonitrile",CHEMBL3248146,,,,,
ZNRZGJAHNMGWQN-UHFFFAOYSA-N,Fenthion oxon,,,Insecticide,,,
CCEKAJIANROZEO-UHFFFAOYSA-N,N-Ethylperfluorooctanesulfonamide,CHEMBL177726,CHEBI:81945,Insecticide,,,
HSNOGBGMTSCLPE-UHFFFAOYSA-N,(Carboxymethyl)(hydroxymethyl)oxophosphanium,,,,,,
RBJIGQRZLITQJG-UHFFFAOYSA-N,"2,3-Dichlorophenoxyacetic acid",CHEMBL173016,,Herbicide,,,
KXPXKNBDCUOENF-UHFFFAOYSA-N,2-Hydroxyethyl octyl sulfide,CHEMBL3183276,CHEBI:82020,,,,
YNEVBPNZHBAYOA-UHFFFAOYSA-N,Mexacarbate,CHEMBL454804,CHEBI:82092,Insecticide,,,
VTRWMTJQBQJKQH-UHFFFAOYSA-N,Pyributicarb,,CHEBI:81736,Fungicide,,,
ZUSHSDOEVHPTCU-UHFFFAOYSA-N,Pyridafol,,,Herbicide,,,
AZFKQCNGMSSWDS-UHFFFAOYSA-N,MCPA-thioethyl,,CHEBI:81929,,,,
DNVLJEWNNDHELH-UHFFFAOYSA-N,Thiocyclam oxalate,CHEMBL2270412,,Insecticide,,,
MFUWICQVEFSRPA-UHFFFAOYSA-N,Prohexadione-calcium,,,Plant Growth Regulator,,,
DTVOKYWXACGVGO-UHFFFAOYSA-N,Flupyrsulfuron-methyl-sodium,,CHEBI:82014,Herbicide,,,
PFLZVUNOPRIDQF-UHFFFAOYSA-N,"Sodium 3-({2-[(2,6-dimethylphenyl)(hydroxyacetyl)amino]ethyl}sulfanyl)-2-hydroxypropanoate",,,Herbicide,,,
JOYZWOZQQXZLFT-UHFFFAOYSA-N,Dimethachlor Metabolite CGA 373464,,,Herbicide,,,
QPVPJECIHVSBLZ-UHFFFAOYSA-N,sodium 2-(2-ethyl-6-methylanilino)-2-oxoethane-1-sulfonate,,,Herbicide,,,
RYVIXQCRCQLFCM-UHFFFAOYSA-N,Bispyribac-sodium,CHEMBL3306579,CHEBI:3129,Herbicide,,,
PYNKFIVDSJSNGL-UHFFFAOYSA-N,Thiosultap-sodium,,CHEBI:64384,Insecticide,,,
XUIIKFGFIJCVMT-UHFFFAOYSA-N,"Sodium 4-[4-(2-amino-2-carboxyethyl)-2,6-diiodophenoxy]-2,6-diiodophenolate--water (1/1/1)",CHEMBL2103741,CHEBI:6447,,,,
CYMFWHKYXOUDOK-UHFFFAOYSA-N,Aviglycine hydrochloride,CHEMBL1412824,,,,,
AIMMSOZBPYFASU-UHFFFAOYSA-N,Trifloxysulfuron-sodium,CHEMBL3184987,,Herbicide,,,
UQBHMWHKJIHQHK-UHFFFAOYSA-N,"PROFOXYDIM, PESTANAL",,,Herbicide,,,
WKRHUQUTJZBUCO-UHFFFAOYSA-N,Pyrethrins,,,Insecticide,,,
HXAIQOCRALNGKB-UHFFFAOYSA-N,"ACETOCHLOR ESA, OEKANAL",,,Herbicide,,,
UTCJUUGCHWHUNI-UHFFFAOYSA-N,"Alachlor ESA, sodium salt",,,Herbicide,,,
CIGKZVUEZXGYSV-UHFFFAOYSA-N,Metolachlor ESA sodium salt,,,Herbicide,,,
BFSZJLBDHMMCAH-UHFFFAOYSA-N,Sodium 2-oxo-2-[phenyl(propan-2-yl)amino]ethane-1-sulfonate,,,Herbicide,,,
SZCMHDLOUVZYST-UHFFFAOYSA-N,Sodium 2-[(4-fluorophenyl)(propan-2-yl)amino]-2-oxoethane-1-sulfonate,,,Herbicide,,,
ZPLBIPFYPKPMFB-UHFFFAOYSA-N,BUTACHLOR ESA SODIUM SALT OEKANAL,,,Herbicide,,,
LBGPXIPGGRQBJW-UHFFFAOYSA-N,Difenzoquat metilsulfate,CHEMBL1867054,,Herbicide,,,
IOEJYZSZYUROLN-UHFFFAOYSA-M,Sodium diethyldithiocarbamate trihydrate,CHEMBL3185333,,Insecticide,,,
INFDPOAKFNIJBF-UHFFFAOYSA-N,"PARAQUAT DICHLORIDE HYDRATE PESTANAL, 25",,,Herbicide,,,
NNCAWEWCFVZOGF-UHFFFAOYSA-N,"1,1-Dimethylpiperidinium chloride",CHEMBL2137534,CHEBI:81772,Plant growth regulator,,,
ZQEIXNIJLIKNTD-UHFFFAOYSA-N,Metalaxyl-M,CHEMBL105809,CHEBI:60607,Herbicide,,,
YUVKUEAFAVKILW-UHFFFAOYSA-N,Fluazifop-P,CHEMBL376218,CHEBI:83599,Herbicide,,,
BTJIUGUIPKRLHP-UHFFFAOYSA-N,4-NITROPHENOL SODIUM SALT DIHYDRATE &,CHEMBL3183771,,Herbicide,,,
MQHNKCZKNAJROC-UHFFFAOYSA-N,Di-n-propylphthalate,CHEMBL1483029,CHEBI:60069,Preserving agent,,,
MFSWTRQUCLNFOM-UHFFFAOYSA-N,Haloxyfop-methyl,CHEMBL1891461,CHEBI:5616,Herbicide,,,
UEQZFAGVRGWPDK-UHFFFAOYSA-N,"1-[(6-Chloro-3-pyridinyl)methyl]-4,5-dihydro-1H-imidazol-2-amine hydrochloride (1:1)",,,Insecticide,,,
IRJQWZWMQCVOLA-UHFFFAOYSA-N,Diflufenzopyr-sodium,CHEMBL1897446,,Herbicide,,,
UARILQSOMYIQCM-UHFFFAOYSA-N,Benzyldimethyldecylammonium chloride,CHEMBL1878297,,,,,
MSNWHIVXIUIVPC-UHFFFAOYSA-N,Alloxydim-sodium,,,Herbicide,,,
JUZXDNPBRPUIOR-UHFFFAOYSA-N,Chlormequat chloride,CHEMBL118539,CHEBI:81850,Plant growth regulator,,,
SYJFEGQWDCRVNX-UHFFFAOYSA-N,Diquat dibromide monohydrate,CHEMBL2251726,,Herbicide,,,
HILAYQUKKYWPJW-UHFFFAOYSA-N,Dodine,CHEMBL450348,CHEBI:74880,Fungicide,,,
FLTYACUMGDVPLP-UHFFFAOYSA-N,Fenaminosulf,CHEMBL1526736,CHEBI:82078,Fungicide,,,
RMFNNCGOSPBBAD-UHFFFAOYSA-N,Formetanate hydrochloride,CHEMBL1895287,,Insecticide,,,
MZBIEABMWRISDB-UHFFFAOYSA-N,Glufosinate-ammonium,,,Herbicide,,,
AWYFNIZYMPNGAI-UHFFFAOYSA-N,Mancozeb,,,Fungicide,,,
AFCCDDWKHLHPDF-UHFFFAOYSA-M,METHAM-NA DIHYDRATE PESTANAL (SODIUMMET&,,,,,,
WHKUVVPPKQRRBV-UHFFFAOYSA-N,MCPA-sodium,CHEMBL2135017,,Plant growth regulator,,,
IRUJZVNXZWPBMU-UHFFFAOYSA-N,Cartap hydrochloride,CHEMBL2270409,,Insecticide,,,
MKUMTCOTMQPYTQ-UHFFFAOYSA-N,"Sodium 5-chloro-2-(4-chloro-2-(3-(3,4-dichlorophenyl)ureido)phenoxy)benzenesulfonate",,CHEBI:59247,Insecticide,,,
IIACRCGMVDHOTQ-UHFFFAOYSA-N,Ammonium sulfamate,CHEMBL3182858,CHEBI:81950,,2,"CA2, CA1",DTXSID6034005
